colony,tag_id,body_size,age,foraging_events,group_period1,group_period2,group_period3,group_period4,visits_brood,visits_entrance,visits_rubbishpile
4,0,153.496,330,0,N,N,N,N,287.636,0.181818,2
4,29,165.421,330,0,N,C,C,C,144.091,0.0909091,4.36364
4,50,161.45,246,0,N,N,NA,NA,333.727,0.181818,1.54545
4,52,170.848,57,0,N,N,N,NA,324.545,0,0.818182
4,63,151.4,246,0,N,N,N,F,250.182,0,0.0909091
4,127,143.757,85,0,N,C,C,F,208.273,0.0909091,0.818182
4,137,140.801,330,0,N,C,N,NA,449.364,0.0909091,4.72727
4,139,150.546,330,0,N,N,N,N,447.455,0.0909091,2.45455
4,156,173.046,40,0,N,N,N,N,372.182,0.181818,1.90909
4,159,153.264,40,0,N,N,N,NA,159.455,0,0.181818
4,169,161.83,40,0,N,N,N,NA,129.727,0.181818,1.72727
4,173,161.505,330,0,N,N,N,N,290.273,0,0.727273
4,178,178.18,330,0,N,N,N,N,61.8182,0,3.63636
4,190,179.694,57,0,N,C,N,C,409.455,0,0.181818
4,191,138.398,71,0,N,N,N,N,1215.64,1.90909,3.54545
4,218,172.699,351,0,N,C,C,C,75.1818,0,1.18182
4,242,149.482,330,0,N,N,N,C,229,0,1.18182
4,380,140.118,40,0,N,N,N,N,202.091,0,0.454545
4,390,163.444,330,0,N,N,N,N,161.091,0.363636,3.36364
4,394,151.182,330,0,N,C,C,F,115.818,0.363636,0.818182
4,437,167.335,40,0,N,C,NA,NA,73.4545,0.272727,3.18182
4,538,150.376,57,0,N,N,N,N,1121,0.0909091,3.63636
4,552,147.98,246,0,N,N,N,NA,348.455,0.454545,20.8182
4,593,152.895,57,0,N,C,C,F,87.8182,0,1.81818
4,620,141.45,57,0,N,C,NA,NA,137.909,0.909091,4.63636
18,0,238.346,14,0,N,N,NA,NA,3.36364,0,1.72727
18,2,184.708,139,0,N,C,C,F,30.6364,4.27273,5.63636
18,5,160.863,50,0,N,N,NA,NA,124.636,0.363636,61.6364
18,6,167.529,64,0,N,N,C,C,75.2727,3.54545,3.27273
18,15,154.945,40,0,N,N,N,N,95.2727,0,1.54545
18,26,148.189,40,0,N,N,NA,NA,76.8182,0.545455,0
18,30,146.154,71,0,N,N,C,NA,30.6364,0.181818,3.63636
18,32,169.118,14,0,N,N,N,NA,167.909,0.181818,2.27273
18,38,246.658,40,0,N,N,NA,NA,1.36364,0,0.181818
18,44,178.135,64,0,N,N,N,NA,116.091,2.90909,7.63636
18,50,163.049,50,0,N,N,N,N,133.818,0,2.18182
18,52,148.122,14,0,N,N,N,N,978.545,0,13.8182
18,60,177.282,71,0,N,N,N,N,18.3636,0.727273,1.81818
18,62,150,40,0,N,N,N,NA,519.455,1,1.90909
18,63,176.706,134,0,N,N,N,C,30.7273,0,14.3636
18,76,142.338,71,0,N,NA,NA,NA,69.3636,5.18182,12.2727
18,80,175.071,92,0,N,NA,NA,NA,1.36364,0,0.454545
18,96,133.454,40,0,N,N,N,C,62.7273,4.09091,3.27273
18,97,137.441,14,0,N,N,NA,NA,209.909,0,2.36364
18,98,149.272,40,0,N,N,N,N,119.091,0,8.81818
18,99,202.8,64,0,N,N,N,N,95.6364,1.63636,2.18182
18,102,179.045,78,0,N,N,N,N,52,0,5.09091
18,105,170.558,14,0,N,N,N,NA,89,1.09091,12.7273
18,112,139.517,50,0,N,C,F,NA,160.273,0.181818,0.454545
18,114,144.81,57,0,N,N,C,NA,560.182,0.0909091,88.8182
18,137,152.555,40,0,N,N,N,N,79.2727,0,4.27273
18,142,169.567,14,0,N,NA,NA,NA,544.909,5.72727,17.7273
18,144,149.857,99,0,N,N,C,NA,73.5455,0.818182,14.5455
18,147,177.519,120,0,N,N,N,C,5.63636,0,2.63636
18,148,162.163,50,0,N,N,N,N,26,0.545455,0.636364
18,161,158.382,78,0,N,N,N,NA,9.27273,1,0
18,169,190.924,71,0,N,N,N,N,5.45455,2.72727,2.45455
18,170,169.859,64,0,N,N,NA,NA,24.6364,0,1.72727
18,174,175.354,57,0,N,N,N,N,156.909,0,3.18182
18,206,155.878,64,0,N,N,N,N,456.182,0.0909091,51.7273
18,207,161.199,85,0,N,NA,NA,NA,58.4545,0.363636,23.0909
18,209,183.469,99,0,N,N,N,N,429.636,0.454545,4.09091
18,210,163.233,78,0,N,N,C,C,210.182,0.272727,85.1818
18,219,163.049,64,0,N,N,N,NA,131,0.0909091,1.09091
18,237,150.841,211,0,N,N,N,N,124.455,2.36364,1.45455
18,244,174.751,120,0,N,N,N,C,14.4545,2.27273,0.909091
18,252,168.716,40,0,N,NA,NA,NA,50.9091,0,1.90909
18,257,157.003,99,0,N,N,N,NA,11.6364,1.81818,2.45455
18,260,152.735,0,0,N,N,NA,NA,150.455,0.818182,19.3636
18,296,139.463,50,0,N,N,N,C,11.0909,0,0.454545
18,298,166.235,64,0,N,N,N,N,77.9091,1.72727,29.7273
18,299,157.051,40,0,N,NA,NA,NA,101.455,1,1
18,301,173,40,0,N,N,NA,NA,158.727,0.636364,2.90909
18,311,164.906,64,0,N,C,NA,NA,53.0909,17.9091,33.3636
18,313,169.446,155,0,N,N,NA,NA,4.45455,0.545455,1.27273
18,318,178.869,120,0,N,NA,NA,NA,41,0.727273,0.181818
18,324,129.634,50,0,N,N,C,C,474.727,0.363636,0.545455
18,332,153.805,64,0,N,N,N,N,101.545,0.181818,4.72727
18,342,141.209,40,0,N,N,C,NA,254.455,1.54545,3.81818
18,356,183.199,40,0,N,N,N,N,51,0.363636,0.909091
18,394,177.882,78,0,N,NA,NA,NA,0.363636,1,0
18,395,207.183,139,0,N,C,C,NA,5.81818,3.81818,1.27273
18,400,181.571,78,0,N,N,N,N,38.8182,1.09091,7.45455
18,433,156.16,78,0,N,NA,NA,NA,88.7273,4.36364,30.0909
18,437,185.151,139,0,N,C,C,C,4.09091,3.54545,8.90909
18,476,154.738,40,0,N,N,N,N,130.455,0,11.1818
18,492,196.987,197,0,N,N,N,N,1.54545,0.0909091,0.909091
18,509,199.279,14,0,N,N,NA,NA,25.8182,0.181818,0.272727
18,552,166.111,40,0,N,N,N,N,178.182,0.727273,4.63636
18,556,154.616,64,0,N,N,N,N,65.2727,0.363636,2
18,560,178.6,190,0,N,N,N,N,26.3636,3.72727,9.81818
18,593,200.37,183,0,N,N,N,N,4.45455,1.45455,0.272727
18,610,141.792,40,0,N,C,NA,NA,243.545,0.454545,0
18,635,161.375,50,0,N,NA,NA,NA,48.4545,6.18182,3.18182
18,647,135.96,40,0,N,C,C,NA,1386.45,0,0.636364
21,9,145.362,40,0,N,N,C,F,161.455,0,0.727273
21,13,167.057,40,0,N,N,N,N,102.727,0.181818,3.72727
21,17,150.376,40,0,N,N,N,N,693.364,3.54545,3.18182
21,20,170.423,71,0,N,N,N,C,154,0.636364,1.18182
21,23,234.77,204,0,N,N,N,N,17.3636,0.272727,1.54545
21,30,224.722,50,0,N,N,N,N,103,0.181818,0.181818
21,35,136.62,57,0,N,N,N,N,449.182,1.63636,3
21,43,171.283,64,0,N,N,N,N,229.455,2.09091,4.63636
21,53,151.212,40,0,N,N,N,N,464.364,0.454545,1
21,60,134.082,14,0,N,N,N,C,419.727,0.545455,22.6364
21,62,185.194,57,0,N,N,N,N,87,0,0.363636
21,68,146.031,5,0,N,N,NA,NA,571,0.272727,1.09091
21,71,166.859,57,0,N,N,N,N,423.727,1.27273,1.27273
21,72,144.506,40,0,N,N,N,N,289.545,0,37.0909
21,74,184.678,5,0,N,N,N,N,395.091,0,0.454545
21,96,178.241,57,0,N,N,N,C,96.6364,0.545455,8.72727
21,97,152.971,40,0,N,N,N,N,750.455,1.36364,1.54545
21,105,169.614,64,0,N,N,N,N,417,2.45455,0.727273
21,115,168.181,40,0,N,N,N,N,598.364,1.81818,6.90909
21,131,136,40,0,N,N,NA,NA,300.273,7.72727,1.81818
21,137,207.039,50,0,N,N,N,N,344.636,1.81818,2.54545
21,158,201.693,40,0,N,N,N,N,215.364,0.454545,0.545455
21,159,196.848,50,1,N,N,N,C,21.7273,0.636364,1.72727
21,172,196.084,197,0,N,N,N,C,202.818,0.909091,0.0909091
21,175,151.397,40,0,N,N,N,F,497,0.818182,0.272727
21,178,190.318,57,0,N,N,N,N,73,0.727273,1.18182
21,191,167.296,40,0,N,N,N,N,415.727,0,3.45455
21,206,152.086,40,0,N,N,N,N,32,0.0909091,2.81818
21,212,137.441,40,0,N,NA,NA,NA,428.727,4.45455,2
21,217,174.244,14,0,N,NA,NA,NA,341.091,2.54545,1.45455
21,219,159.289,40,0,N,N,N,N,121.818,1.54545,2.45455
21,242,161.245,50,0,N,N,N,N,350.364,0,0.272727
21,244,151.427,40,0,N,N,N,N,301.909,0.909091,2.18182
21,264,133.36,14,0,N,N,N,N,427.091,0.636364,1.09091
21,289,158.446,40,0,N,N,N,N,81.8182,3,2.18182
21,301,178.539,99,0,N,N,N,C,318.455,4.72727,0.909091
21,308,155.077,71,0,N,N,N,NA,59.0909,0.272727,0
21,329,177.924,57,0,N,N,N,N,487.545,0.0909091,0.909091
21,334,173.416,57,0,N,N,N,N,139.091,0.727273,0.181818
21,347,177.133,40,0,N,N,N,N,255.455,1.45455,0.363636
21,356,163.218,5,0,N,NA,NA,NA,405.273,0,0.0909091
21,390,179.424,57,0,N,N,N,C,43.4545,0,0.636364
21,398,146.328,40,0,N,N,N,N,170.455,0.272727,2.63636
21,492,167.431,5,0,N,N,NA,NA,470.909,0.363636,1.36364
21,501,170.135,14,0,N,N,N,NA,284.364,2,2.81818
21,540,175.96,40,0,N,N,N,N,399.545,0.454545,0.0909091
21,556,133.6,40,0,N,N,F,F,430.273,1.63636,2.90909
21,564,170.699,57,0,N,N,N,N,610.273,0.454545,1.18182
21,576,126.384,14,0,N,N,N,N,953,5.63636,4.90909
21,580,142.004,14,0,N,N,N,N,1175.09,0.0909091,0.909091
21,599,166.508,5,0,N,N,N,NA,321.909,3.27273,1.45455
21,607,178.34,71,0,N,N,N,N,293.091,0,0.0909091
21,610,151.327,40,0,N,N,N,N,406.364,2.72727,1.45455
21,614,153.222,40,0,N,N,N,N,648.727,1.36364,1.18182
29,0,140.089,14,0,N,NA,NA,NA,142.091,1.90909,2.63636
29,4,138.405,14,0,N,N,NA,NA,281.273,0,0.454545
29,6,184.556,57,0,N,N,N,N,256.636,3.27273,3.18182
29,17,137.612,14,0,N,N,N,NA,194.091,0,0
29,24,149.482,14,0,N,N,N,N,507,0.272727,1
29,44,225.4,14,0,N,N,N,N,515.636,0.454545,2.27273
29,59,138.798,14,0,N,N,N,NA,345.182,0.545455,2.72727
29,62,148.93,14,0,N,C,NA,NA,391.727,3,5.36364
29,71,142.78,14,0,N,N,N,NA,246,0,0.545455
29,73,162.049,14,0,N,N,N,N,107,0,0
29,115,145.165,14,0,N,N,N,NA,346.727,2.90909,6
29,158,151.327,14,0,N,C,NA,NA,307.091,4.09091,5.27273
29,170,167.586,64,0,N,N,N,N,263,0.818182,0.636364
29,172,172.977,14,0,N,NA,NA,NA,233.364,0,1.27273
29,217,156.978,14,0,N,N,NA,NA,193.909,1.18182,0.818182
29,237,163.615,14,0,N,N,F,NA,98.3636,0,1.63636
29,242,142.899,14,0,N,N,N,N,544.091,0.727273,8.09091
29,250,149.04,14,0,N,N,N,NA,353.636,1.27273,3.18182
29,252,165.412,50,0,N,N,N,N,465.091,2.72727,2.90909
29,263,159.928,40,0,N,N,N,N,164.727,0,0.545455
29,264,171.418,19,0,N,N,N,N,321.182,0,0.363636
29,289,153.808,14,0,N,N,NA,NA,308.818,4.27273,6.72727
29,299,159.906,50,0,N,N,N,N,395.636,3.09091,0.272727
29,305,132.231,14,0,N,N,C,C,372.364,0,1.27273
29,326,133.004,14,0,N,N,NA,NA,306.455,1.72727,5.36364
29,334,132.136,14,0,N,N,N,NA,735.273,0.272727,0.545455
29,356,130.392,14,0,N,N,N,N,398.364,0.272727,0.181818
29,391,156.605,14,0,N,N,N,N,543.727,0,0.181818
29,433,134.172,14,0,N,NA,NA,NA,96.5455,0.818182,0.909091
29,475,165.529,106,0,N,N,N,N,496.727,0.181818,0.454545
29,530,145.165,14,0,N,N,NA,NA,149.091,0.363636,1.18182
29,534,144.281,14,0,N,N,N,NA,218.364,0.0909091,1.63636
29,540,153.388,50,0,N,N,C,NA,168.273,5.81818,9.81818
29,564,130.943,14,0,N,N,N,NA,215.182,0,0
29,646,146.294,14,0,N,N,N,NA,214.545,0,3.27273
29,740,135.794,14,0,N,N,F,NA,351.273,2.09091,1.54545
29,838,150.712,14,0,N,N,NA,NA,540.273,1.18182,0
29,929,148.408,14,0,N,N,NA,NA,154.182,0.363636,1
58,2,166.012,71,0,N,N,NA,NA,507,0.272727,1.36364
58,4,170.95,40,0,N,N,NA,NA,137.818,1.63636,0.727273
58,5,150.572,14,0,N,N,N,N,361.364,0,32
58,13,135.329,40,0,N,N,F,F,58.6364,0.545455,9.63636
58,27,161.608,40,0,N,N,N,C,364,0.0909091,1.63636
58,29,173.159,40,0,N,N,N,N,185.545,0,1.18182
58,30,140.064,57,0,N,N,C,C,94.3636,0.181818,2.27273
58,32,159.656,40,0,N,N,N,N,468.909,0.181818,1.72727
58,40,160.705,57,0,N,N,C,C,74.2727,0.818182,36.6364
58,50,164.648,113,0,N,C,F,F,182.091,2.72727,22.0909
58,52,177.913,40,0,N,N,N,N,255.182,0.181818,4.63636
58,59,168.582,57,0,N,N,N,N,353.818,0,0.363636
58,62,158.619,14,0,N,N,N,N,177.273,0,0.454545
58,65,176.98,14,0,N,N,NA,NA,300.909,0.272727,0
58,66,188.438,71,0,N,N,N,N,133.545,0.363636,0
58,68,136.953,40,0,N,N,N,C,1001,0,1
58,71,180.602,50,0,N,N,N,N,130.818,0.363636,0
58,74,181.728,57,0,N,N,N,NA,167.364,0,0.272727
58,81,168.324,14,0,N,N,C,N,113.909,0.0909091,1.36364
58,100,208.274,14,0,N,N,F,F,235.636,1.54545,2.54545
58,105,148.93,78,0,N,N,N,C,288.727,0,0.454545
58,113,152.427,57,0,N,C,F,NA,747.364,5.81818,0
58,117,144.807,85,0,N,N,NA,NA,340.909,0.636364,20.6364
58,126,189.679,57,0,N,N,N,N,238.727,0.727273,0.454545
58,142,177.226,85,0,N,N,N,NA,88.7273,1.45455,0
58,144,175.505,14,0,N,NA,NA,NA,306.818,0,0
58,148,184.859,99,0,N,C,C,C,56.1818,0,2.72727
58,153,164.137,14,0,N,NA,NA,NA,355.818,0.272727,0
58,169,129.294,57,0,N,N,C,NA,314.182,0,0
58,174,164.344,40,0,N,N,N,N,349.818,2.45455,0.818182
58,176,155.724,14,0,N,NA,NA,NA,135.545,0,0.454545
58,191,144.627,50,0,N,N,N,N,565.273,0,2.81818
58,209,134.358,40,0,N,N,C,C,302.091,0.0909091,0.0909091
58,212,178.55,40,0,N,N,NA,NA,177.818,0,1.36364
58,218,161.276,57,0,N,C,F,F,553.727,0,19.0909
58,220,149.883,14,0,N,NA,NA,NA,754.182,0,0.181818
58,221,168.621,71,0,N,NA,NA,NA,232.182,0,0
58,226,151.98,106,0,N,N,N,N,321.545,0,14.4545
58,232,155.621,14,0,N,NA,NA,NA,164.727,0,0
58,242,147.167,57,0,N,N,F,F,575.273,0,3.54545
58,243,156.32,40,0,N,N,C,C,210,0.727273,1.54545
58,244,174.385,78,0,N,N,NA,NA,15.3636,0,0.363636
58,245,162.274,316,0,N,N,F,C,430.727,0,1.18182
58,255,159.226,85,0,N,N,N,NA,183.364,0.636364,0.909091
58,260,178.908,78,0,N,N,NA,NA,113.727,0,0
58,261,205.937,14,0,N,N,N,N,22.2727,0.363636,2.36364
58,263,134.974,40,0,N,N,N,C,293.182,0,1.45455
58,294,150.814,78,0,N,N,F,F,143.091,0.0909091,5.81818
58,305,163.67,14,0,N,N,N,N,477.182,0,1.36364
58,308,163.835,106,0,N,N,F,F,160.727,0.363636,0.818182
58,332,140.132,40,0,N,C,F,F,71.2727,0.454545,7.45455
58,334,150.147,40,0,N,N,N,C,290.182,0,0
58,353,148.661,40,0,N,N,N,N,1048.64,0,0
58,356,136.795,50,0,N,C,NA,NA,295.727,1,154.909
58,376,151.743,40,0,N,N,N,N,217.909,2.45455,11
58,387,151.634,442,0,N,N,N,N,143.455,0.0909091,0.727273
58,391,204.12,14,1,N,N,N,C,296.818,0.636364,25
58,398,144.903,14,0,N,NA,NA,NA,416.909,0.636364,2.09091
58,540,172.467,14,0,N,N,NA,NA,150.455,0,7.63636
58,549,154.311,14,0,N,C,F,F,209.364,0,0.909091
58,575,137.084,71,0,N,C,NA,NA,257.909,0.909091,16.7273
58,580,137.317,64,0,N,C,F,F,174.818,1,6.72727
58,607,138.975,64,0,N,N,C,C,171,0.363636,1.90909
58,610,190.801,14,0,N,N,NA,NA,215.909,1.36364,0.454545
58,635,164.502,39155,0,N,N,NA,NA,148.636,0,0
58,638,186.682,78,0,N,N,N,N,125.545,0.272727,2.27273
58,646,167.108,57,0,N,N,F,F,198.727,1.63636,0
58,673,185.586,85,0,N,N,N,C,154.364,0.818182,1.63636
78,0,139.832,40,0,N,N,N,N,311.182,0,0
78,2,172.514,176,1,N,C,NA,NA,187.636,0.727273,1.18182
78,9,187.949,14,0,N,N,N,N,350.273,0,0.181818
78,12,193.331,183,0,N,N,N,N,247.818,0.0909091,0
78,13,149.486,120,0,N,N,N,C,410.636,1.54545,0.181818
78,14,161.549,78,0,N,C,F,NA,44.4545,1.72727,9.81818
78,19,184.491,64,0,N,N,N,N,147.455,0.454545,0.272727
78,26,192.315,78,0,N,N,N,N,266.636,1.63636,3.81818
78,27,169.499,64,0,N,N,N,N,699.818,0.0909091,0.545455
78,51,155.926,50,0,N,N,N,C,549.909,1,2.45455
78,52,187.971,169,0,N,N,N,N,384.909,0.727273,0
78,54,153.47,57,0,N,N,N,N,246.636,0,1.18182
78,57,174.734,120,0,N,N,N,N,155.818,0.454545,2.90909
78,62,168.505,14,0,N,N,N,N,306.455,0,0.272727
78,64,174.413,40,0,N,N,N,N,231.273,0.363636,0.181818
78,68,160.702,50,0,N,N,N,NA,512.636,0.818182,0
78,70,143.736,57,0,N,C,F,F,326.636,0.0909091,0.272727
78,72,164.149,57,0,N,N,NA,NA,70.2727,0.181818,0.363636
78,80,206.652,40,0,N,N,N,N,410.545,0,0
78,91,172.308,113,0,N,N,N,F,634.727,0.727273,4.90909
78,96,178.37,169,0,N,N,N,NA,480.273,1.09091,1
78,97,217.187,176,0,N,N,N,N,45.6364,1.45455,0
78,98,166.769,71,0,N,N,N,NA,360.636,0.181818,0
78,102,179.011,64,0,N,N,NA,NA,309.364,0,0.0909091
78,109,193.256,14,0,N,N,N,N,268.091,0,0
78,120,182.483,14,0,N,N,N,N,308.273,0,0.727273
78,126,130.115,40,0,N,N,C,F,344.545,0,0.181818
78,127,142.443,14,0,N,C,NA,NA,341.727,0.727273,0
78,131,176.695,113,0,N,N,N,N,293.273,3.27273,6.27273
78,137,214.555,40,0,N,N,N,F,21,0,0.0909091
78,139,134.952,14,0,N,NA,NA,NA,587.455,0.545455,0
78,140,151.486,71,0,N,N,N,N,454.636,0,0
78,153,183.216,78,0,N,NA,NA,NA,234.273,0.0909091,0
78,156,161.474,64,0,N,N,NA,NA,459.455,0.0909091,1.63636
78,158,167.622,113,0,N,N,N,NA,481.182,0.181818,0
78,161,208.096,14,0,N,N,N,N,121,0.636364,0.818182
78,170,170.229,50,0,N,N,N,N,291.273,0.272727,0
78,174,179.477,14,0,N,N,N,C,699.364,0,0.363636
78,176,147.801,5,0,N,N,NA,NA,351.727,0.545455,0.727273
78,190,149.482,5,0,N,N,N,N,410.636,0,0
78,209,148.385,64,0,N,N,N,C,496.636,1,5
78,210,164.514,204,0,N,N,N,N,68.3636,1,1.18182
78,215,166.676,85,0,N,N,NA,NA,469.455,0,0
78,219,162.29,85,0,N,NA,NA,NA,155.091,0.909091,2.18182
78,227,177.192,64,0,N,C,F,F,50.5455,0.272727,2.18182
78,229,174.256,50,0,N,N,N,NA,40,0.727273,0
78,232,216.342,50,0,N,N,N,C,116.364,0.0909091,0.181818
78,242,183.698,14,0,N,N,N,NA,774.727,1,0.0909091
78,245,140.688,14,0,N,N,NA,NA,470.182,0,0
78,250,181.604,57,0,N,N,NA,NA,674.273,0,0.272727
78,252,227.37,5,0,N,N,NA,NA,846.636,0,0.363636
78,261,172.2,40,0,N,N,N,N,279.727,0,0.0909091
78,262,181.868,57,0,N,N,N,N,321.091,1.09091,1.27273
78,263,179.889,120,0,N,N,N,N,454.909,0,1.45455
78,264,163.808,92,0,N,N,N,NA,32.5455,0.636364,0.545455
78,268,169.307,71,0,N,N,C,F,39,1.27273,0
78,289,183.918,78,0,N,N,N,NA,430.455,0,5.63636
78,299,176.182,14,0,N,N,N,N,310.273,0.545455,0.454545
78,311,167.027,5,0,N,N,C,F,758.455,0,0.454545
78,318,182.8,14,0,N,NA,NA,NA,276.182,0,0
78,356,149.013,5,0,N,N,N,NA,767.909,0,0.181818
78,387,160.465,78,0,N,N,C,NA,291.182,0.727273,1.81818
78,391,176.491,57,1,N,N,N,NA,727.455,0.454545,0.727273
78,395,176.082,92,0,N,N,N,NA,1552.82,0,0.0909091
78,458,185.529,71,0,N,N,N,N,416.364,0,1.45455
78,476,144.014,40,0,N,NA,NA,NA,555.909,0,1.90909
78,507,178.216,64,0,N,N,N,N,377.273,0.363636,2.36364
78,509,262.762,14,0,N,N,N,N,571.727,0,1.36364
78,530,170.344,64,0,N,N,N,N,409,0,0.363636
78,534,176.309,78,0,N,N,N,N,268.727,0,0.636364
78,564,166.412,99,0,N,NA,NA,NA,81,0,0.363636
78,576,194.466,40,0,N,N,N,N,336.091,0,0
78,593,183.469,169,0,N,N,N,C,173.545,0.0909091,5.81818
78,604,234.062,40,0,N,N,N,C,69.5455,0,0.454545
78,620,175.026,71,0,N,N,N,N,390.455,0,1.90909
78,635,185.602,50,0,N,N,N,N,240.909,0.181818,0
78,638,184.024,14,0,N,N,N,N,117.636,0,0
78,673,175.14,78,0,N,N,N,N,472.545,0,0
78,838,128.6,50,0,N,N,N,C,499.182,0.181818,2.36364
78,929,171.712,40,0,N,N,N,N,247.545,0,0
4,6,173.254,176,95,F,F,NA,NA,0.272727,4,0.363636
4,9,152.712,71,1,F,NA,NA,NA,4.81818,8,0.454545
4,14,145.344,57,17,F,NA,NA,NA,3,27.6364,1.18182
4,19,172.012,344,0,F,F,F,F,6.36364,0.727273,1.45455
4,23,157.623,344,28,F,F,F,F,2.09091,7.36364,1.63636
4,26,219.208,190,0,F,F,F,F,46.0909,0,0
4,30,168.609,330,45,F,F,F,C,0.909091,3.63636,0.181818
4,32,126.732,85,50,F,F,F,F,0.636364,110.091,0
4,38,165.858,330,50,F,F,F,F,4.18182,12.2727,0.727273
4,43,136.62,330,26,F,F,F,NA,6.09091,14.7273,0
4,44,163.306,141,26,F,F,F,F,17.5455,27.3636,0.909091
4,64,227.343,316,0,F,F,F,F,1.27273,4.81818,0.727273
4,73,123.081,330,1,F,F,F,NA,4.18182,6.09091,0
4,76,149.967,351,25,F,F,F,F,15.5455,28,5.09091
4,91,143.265,351,98,F,NA,NA,NA,1.18182,261.545,0
4,97,153.522,330,0,F,F,C,F,14.2727,0.636364,1.81818
4,98,153.183,85,13,F,F,F,NA,7.45455,6.27273,0.545455
4,100,135.93,85,162,F,F,F,NA,2,24.9091,0.454545
4,131,139.058,344,24,F,NA,NA,NA,1.36364,118.091,0.363636
4,142,160.028,71,143,F,F,NA,NA,9.27273,9.18182,0
4,148,164.11,232,49,F,F,F,NA,0.545455,14.6364,0
4,149,184.978,337,52,F,F,NA,NA,0.818182,8.54545,0
4,176,142.443,351,36,F,F,F,F,2.18182,4.09091,0
4,195,138.004,71,0,F,NA,NA,NA,14.5455,1.63636,2.36364
4,196,159.028,40,104,F,NA,NA,NA,11.0909,32,0.818182
4,198,165.061,57,3,F,NA,NA,NA,69.6364,3.36364,16.0909
4,202,137.801,330,0,F,C,C,F,11.1818,0,14.6364
4,209,183.175,176,0,F,F,F,NA,3,3.09091,0
4,217,164.305,344,43,F,F,NA,NA,0.363636,10.4545,0
4,232,179.324,57,0,F,F,NA,NA,38.2727,0.0909091,0.545455
4,238,140.004,330,18,F,F,F,NA,0.545455,12.2727,0
4,252,183.175,176,2,F,NA,NA,NA,3.63636,9.18182,0
4,255,151.42,57,9,F,F,F,F,0.363636,10.9091,0
4,257,158.092,197,0,F,F,F,NA,0.181818,2.72727,0
4,260,236.053,400,0,F,F,F,NA,3.81818,32.6364,1.63636
4,263,141.485,330,4,F,NA,NA,NA,14.3636,0.636364,0
4,289,154.651,330,0,F,F,F,NA,11.8182,1.81818,3.72727
4,294,199.06,330,146,F,F,F,F,0,34.5455,0.363636
4,308,142.144,71,1,F,F,F,NA,80.2727,3.18182,40.3636
4,318,202.082,463,60,F,NA,NA,NA,0,4.27273,0
4,324,148.003,351,9,F,F,F,NA,0.272727,3.18182,0
4,332,145.602,344,25,F,F,NA,NA,0.363636,7.18182,0
4,347,165.801,197,0,F,F,F,F,33.3636,4,0.818182
4,353,146.154,190,11,F,NA,NA,NA,29.0909,0.818182,0.363636
4,356,214.704,246,15,F,F,F,F,0.636364,166,0.272727
4,462,127.566,0,57,F,F,NA,NA,0.363636,25.3636,0
4,475,220.656,330,0,F,F,NA,NA,1.27273,3.18182,0.636364
4,492,168.253,330,32,F,F,F,NA,3.45455,5.09091,5.09091
4,507,144.475,40,0,F,F,F,NA,8.90909,3,0.272727
4,518,162.693,344,12,F,F,F,F,14.2727,19.1818,5.90909
4,527,140.089,197,0,F,NA,NA,NA,3.54545,10.3636,0.545455
4,530,131.795,351,21,F,F,NA,NA,0.363636,79.2727,0
4,560,212.934,316,0,F,F,F,F,6.36364,63.9091,0.545455
18,14,143.003,176,59,F,F,NA,NA,2.36364,30.7273,0.181818
18,20,174.542,253,74,F,F,C,NA,1.45455,109.636,0
18,43,153.574,127,107,F,F,NA,NA,1.36364,209,0.454545
18,68,139.14,64,18,F,NA,NA,NA,0.727273,7.72727,0.818182
18,72,156.013,120,69,F,F,F,NA,1.45455,103.545,0
18,100,128.845,64,64,F,NA,NA,NA,1.81818,21.0909,0
18,126,170.602,183,1,F,C,C,C,2.72727,39.2727,1.18182
18,172,209.201,190,2,F,C,F,C,0.636364,32.3636,0.272727
18,176,151.238,71,25,F,F,F,F,0.636364,22.7273,0
18,202,202.299,232,20,F,F,F,F,0,291.909,0
18,212,124.234,155,5,F,F,NA,NA,3.63636,59,0
18,215,177.229,183,17,F,F,F,NA,0,174.636,0
18,220,150.921,99,48,F,NA,NA,NA,1.45455,126.455,0.0909091
18,243,132.015,211,61,F,F,F,NA,4.36364,90,0.181818
18,256,184.978,190,9,F,F,C,C,0.363636,14,0
18,268,176.505,162,46,F,F,F,F,0.272727,14.4545,0
18,329,154.302,113,36,F,NA,NA,NA,1.18182,51.6364,0
18,398,120.702,78,11,F,F,F,NA,1.54545,218.727,0
18,458,145.221,85,43,F,NA,NA,NA,5.36364,123.364,0.636364
18,507,145.279,92,12,F,F,NA,NA,1.27273,11.4545,0.363636
18,564,214.283,183,11,F,F,C,C,1,26.1818,0.181818
18,607,205.879,139,15,F,F,F,NA,3.18182,124.273,0.818182
21,0,142.678,5,128,F,F,F,F,17,45.9091,0
21,4,116.284,40,9,F,F,F,F,10.4545,7.81818,0
21,6,132.608,120,0,F,F,F,F,7.72727,2.45455,1.36364
21,7,202.556,14,13,F,F,F,NA,1.72727,11.7273,0.0909091
21,12,217.037,176,0,F,F,C,C,110.818,20.2727,0
21,19,124.326,40,2,F,F,F,NA,19.0909,3.54545,0.636364
21,26,237.548,5,0,F,F,F,F,4.27273,12.2727,0.181818
21,32,147.98,57,0,F,F,NA,NA,8.90909,0.181818,0
21,38,125.495,50,12,F,F,NA,NA,2.27273,20.0909,0
21,44,137.317,40,0,F,F,NA,NA,2.72727,3.09091,0
21,48,123.016,64,25,F,F,F,F,27.4545,38.6364,1.54545
21,57,136.473,78,119,F,F,NA,NA,4.81818,64.5455,0
21,65,139.442,50,43,F,F,F,NA,2.36364,100.545,0.0909091
21,76,139.27,50,183,F,F,F,NA,2.81818,51.3636,1.36364
21,81,131.244,40,0,F,F,F,F,57.2727,2.18182,6.54545
21,85,162.29,5,1,F,NA,NA,NA,35.6364,7.27273,41.9091
21,102,158.114,5,29,F,F,F,C,0.363636,61.2727,0.0909091
21,117,142.622,64,18,F,F,F,F,32,87.6364,1.72727
21,127,147.679,64,24,F,F,NA,NA,4.90909,26.8182,0
21,142,129.035,120,0,F,NA,NA,NA,38.5455,0,0.272727
21,149,133.222,50,0,F,F,NA,NA,6.72727,1.27273,0.545455
21,156,143.422,71,0,F,NA,NA,NA,9.09091,2.27273,2.54545
21,161,157.953,64,233,F,NA,NA,NA,52.2727,0.545455,0.636364
21,169,127.35,155,94,F,F,NA,NA,6.72727,68.4545,0.181818
21,176,140.602,57,3,F,F,NA,NA,75.5455,2.81818,0
21,190,199.489,190,0,F,C,F,C,88.7273,1.27273,0.181818
21,196,150.987,5,45,F,F,F,F,8.45455,70.0909,1
21,198,134.852,113,91,F,F,NA,NA,11.5455,27.5455,0.636364
21,207,131.37,5,36,F,F,NA,NA,5.72727,32,0
21,209,120.507,14,4,F,NA,NA,NA,57.0909,6.36364,0.818182
21,215,250.154,183,0,F,F,C,F,18.7273,9.18182,0
21,218,150.36,57,51,F,F,NA,NA,10.4545,111.182,0.545455
21,221,138.08,50,0,F,F,NA,NA,24.7273,2,0.636364
21,238,126.657,57,78,F,F,F,NA,3.90909,38.1818,0.818182
21,251,128.004,40,52,F,F,F,F,5.54545,17.4545,0.636364
21,252,130.3,64,38,F,F,F,F,47.1818,236.818,5.18182
21,256,206.553,139,0,F,F,F,F,24.5455,6.27273,0.363636
21,260,148.933,99,42,F,F,F,F,28.9091,49.8182,3.18182
21,263,136.029,64,42,F,NA,NA,NA,20.4545,13.9091,12.6364
21,296,152.643,134,19,F,F,F,NA,17.4545,29.0909,0
21,299,144.941,71,125,F,F,F,NA,3.63636,30.8182,1.18182
21,311,135.506,5,36,F,NA,NA,NA,1.27273,80,0
21,342,158.902,148,20,F,F,F,F,13,30.6364,0.272727
21,380,141.739,71,7,F,F,F,F,23.6364,5.18182,0.909091
21,391,133.154,57,27,F,F,NA,NA,43.8182,11.7273,0
21,395,135.148,71,73,F,F,F,NA,46.4545,117,1.54545
21,397,198.215,162,0,F,C,N,C,134,1.36364,0.0909091
21,437,133.634,64,20,F,NA,NA,NA,2.72727,6.90909,0.909091
21,458,189.644,5,0,F,F,F,NA,19.7273,21,0.272727
21,475,166.087,78,0,F,F,F,F,4.54545,0.636364,2
21,476,193.507,246,0,F,F,F,F,2.36364,56.3636,0.454545
21,509,161.075,5,73,F,F,F,NA,1.27273,17,0
21,518,140.036,64,443,F,F,C,C,3.36364,13.7273,0
21,530,158.66,141,74,F,NA,NA,NA,2.63636,14.7273,0
21,538,136.704,57,5,F,F,NA,NA,7.45455,3,0.545455
21,621,146,64,0,F,F,F,F,75.4545,0.181818,1.63636
21,632,149.466,162,318,F,F,NA,NA,5.18182,38.2727,1.81818
21,638,122.483,64,150,F,F,NA,NA,5.90909,45.7273,0.0909091
21,650,138.611,64,0,F,F,F,F,55.6364,5.72727,38.0909
29,2,177.539,134,0,F,F,F,F,4.45455,19,2.18182
29,5,112.071,14,0,F,F,NA,NA,28.5455,18.1818,108.545
29,14,156.4,50,124,F,NA,NA,NA,33.1818,171.455,89.5455
29,25,145.437,14,0,F,F,C,F,18.4545,1.72727,2.81818
29,27,154.379,14,0,F,N,N,N,34.8182,2.36364,1.36364
29,32,157.623,40,0,F,F,NA,NA,29.7273,1,0.363636
29,65,138.033,106,0,F,NA,NA,NA,119.364,13.7273,8.27273
29,96,158.028,57,0,F,C,NA,NA,99.0909,0.363636,0.272727
29,126,139.205,40,5,F,NA,NA,NA,47.8182,0.272727,1.27273
29,176,181.339,50,0,F,F,N,N,36.4545,2.45455,3.81818
29,186,133.989,57,15,F,NA,NA,NA,2.72727,37.9091,8.54545
29,192,153.17,50,0,F,NA,NA,NA,12.0909,7.09091,7.18182
29,202,130.973,14,42,F,NA,NA,NA,2.72727,52.9091,1.90909
29,220,151.608,71,0,F,NA,NA,NA,137.091,46.1818,42
29,227,159.063,113,41,F,C,C,C,111.636,382.545,102.091
29,255,142.941,57,60,F,NA,NA,NA,51.8182,83.3636,74.2727
29,256,185.715,134,42,F,C,C,C,0.545455,88.7273,0.272727
29,261,125.603,50,61,F,NA,NA,NA,1.81818,41.3636,1.18182
29,320,135.713,14,0,F,F,NA,NA,77.7273,9.45455,43.7273
29,332,193.197,197,0,F,F,F,NA,28.6364,1.72727,0.0909091
29,353,136.242,14,0,F,NA,NA,NA,360.818,3.45455,29.5455
29,387,97.949,14,0,F,NA,NA,NA,7.36364,19.8182,25.2727
29,482,119.52,19,0,F,NA,NA,NA,197.727,1.36364,8.27273
29,518,124.908,50,64,F,NA,NA,NA,16.4545,153.455,6.18182
29,610,140.036,14,4,F,NA,NA,NA,26.9091,5.18182,18.8182
58,1,139.943,78,74,F,NA,NA,NA,1.81818,23.8182,1.36364
58,6,158.354,127,24,F,F,F,NA,10.3636,9.72727,0.909091
58,24,156.605,99,68,F,NA,NA,NA,6,3.09091,0
58,28,152.463,0,115,F,F,NA,NA,16.0909,22.9091,0.727273
58,44,171.703,99,6,F,NA,NA,NA,77.2727,0.545455,1.09091
58,55,162.69,14,24,F,F,C,NA,7.72727,7.45455,0
58,73,136.308,78,86,F,NA,NA,NA,4.09091,14.6364,3.72727
58,80,141.283,64,249,F,F,NA,NA,7.90909,30.1818,1.81818
58,82,161.988,134,52,F,F,NA,NA,2.63636,15.7273,3.81818
58,96,155.425,85,60,F,NA,NA,NA,10.4545,4.54545,0.363636
58,112,169.579,267,55,F,F,NA,NA,1.81818,35.6364,0.545455
58,139,157.003,57,39,F,F,F,C,16.1818,6,1
58,147,165.463,155,204,F,NA,NA,NA,18.4545,8.81818,0
58,156,113.741,40,63,F,F,C,C,11.0909,11.4545,0.727273
58,173,163.683,99,25,F,F,NA,NA,96.2727,0.636364,0.545455
58,178,114.529,57,68,F,NA,NA,NA,3.36364,11.3636,2.54545
58,186,177.553,14,12,F,NA,NA,NA,23.7273,3.72727,3.72727
58,198,142.352,57,29,F,F,F,NA,7.72727,4.90909,41
58,202,158.808,134,107,F,F,NA,NA,11.6364,15,0.636364
58,217,159.665,120,97,F,F,NA,NA,6.54545,32.6364,2.27273
58,219,148.489,64,36,F,F,NA,NA,9.72727,12.3636,0
58,256,142.622,92,82,F,F,F,F,27.6364,14.8182,2.81818
58,299,126.905,85,88,F,F,NA,NA,30.1818,18.2727,0.363636
58,301,155.974,40,96,F,F,NA,NA,12.2727,7.27273,2
58,342,140.357,113,0,F,C,F,NA,42.4545,6.72727,8.81818
58,347,132.306,50,86,F,F,C,NA,12.0909,22.8182,2.54545
58,390,160.515,113,86,F,F,NA,NA,2.09091,16.4545,8.45455
58,394,151.476,64,102,F,F,NA,NA,1.45455,5.54545,0.818182
58,433,143.544,0,85,F,NA,NA,NA,9.54545,5.36364,3.36364
58,475,145.152,99,88,F,F,NA,NA,10.1818,72.6364,3
58,501,127.047,64,18,F,F,NA,NA,19.5455,8.54545,0
58,556,166.82,120,22,F,F,NA,NA,12.3636,11,1
58,592,157.686,50,47,F,F,F,NA,16.6364,8.09091,8.63636
58,593,191.416,386,49,F,NA,NA,NA,0,4.72727,0
58,600,138.311,64,36,F,F,NA,NA,107.818,30.6364,1.63636
58,604,157.013,64,10,F,F,NA,NA,106.091,0.181818,0.0909091
58,614,236.84,442,0,F,F,F,F,149.727,84.8182,0.363636
58,650,172.838,92,103,F,F,F,NA,50.4545,45.6364,9.27273
58,838,137.058,78,6,F,F,NA,NA,61.2727,9.27273,0.0909091
78,1,179.903,246,1,F,F,F,NA,0,1.36364,0
78,6,231.353,183,0,F,F,F,F,0.818182,0.0909091,0.545455
78,7,159.762,113,41,F,F,F,C,0.0909091,5.27273,0.272727
78,17,201.638,40,45,F,NA,NA,NA,0.272727,12,5.18182
78,23,151.053,155,224,F,F,F,F,2.45455,12.0909,0.181818
78,30,150.586,155,35,F,F,F,NA,0,77.0909,3.90909
78,35,175.923,197,40,F,NA,NA,NA,0,18.1818,0.454545
78,38,141.209,85,9,F,F,NA,NA,5.45455,2,4
78,42,229.212,204,1,F,F,F,NA,0,2.54545,0.0909091
78,43,151.605,113,87,F,F,NA,NA,1.90909,13.7273,0.636364
78,48,173.727,183,86,F,F,F,NA,50.6364,67.8182,10.7273
78,49,181.739,246,34,F,F,F,F,6.09091,35.6364,1.81818
78,55,200.532,211,24,F,F,F,F,3.72727,42.9091,2.27273
78,60,182.521,190,20,F,F,F,NA,5.36364,77.7273,11.7273
78,118,179.739,260,18,F,F,F,C,1.36364,14.3636,2.27273
78,135,145.344,113,10,F,F,F,F,8.45455,6.27273,9.45455
78,147,178.138,260,24,F,F,F,NA,0,1.27273,0
78,149,155.563,204,26,F,F,F,F,11.3636,26,0.727273
78,169,185.421,246,67,F,F,F,C,0,40.1818,3.09091
78,172,173.416,183,50,F,F,NA,NA,71.4545,11.5455,63.9091
78,175,195.576,183,7,F,F,F,F,2.27273,1.18182,6.90909
78,186,169.035,40,66,F,NA,NA,NA,0,0.545455,6.81818
78,196,181.648,211,11,F,F,F,F,1,8.09091,0
78,198,160.112,183,26,F,NA,NA,NA,7.09091,21.4545,3.18182
78,202,174.428,183,62,F,F,F,NA,10.2727,335,27.5455
78,206,241.108,197,0,F,C,N,C,16.8182,5.18182,0.0909091
78,212,136.015,71,81,F,F,NA,NA,1.36364,98,4.09091
78,237,220.69,246,75,F,NA,NA,NA,1.27273,3.09091,0
78,257,141.028,92,32,F,F,F,NA,1.81818,6.72727,0.272727
78,260,165.194,190,74,F,F,F,F,0.0909091,15.2727,1.18182
78,326,158.647,99,57,F,F,F,NA,0,0.0909091,0.181818
78,331,141.014,92,39,F,F,F,NA,4,223.636,28.1818
78,332,203.384,204,1,F,F,F,C,14.1818,4.72727,0.545455
78,342,144.062,141,41,F,NA,NA,NA,0,1.54545,0.727273
78,376,207.234,190,0,F,F,F,F,11.9091,8,0.181818
78,397,179.805,176,32,F,F,F,NA,0.181818,9.54545,0.727273
78,437,149.164,127,44,F,F,NA,NA,4.27273,36,0.363636
78,492,165.027,141,49,F,F,F,F,16.2727,117.455,4.45455
78,501,165.849,211,4,F,F,F,NA,0,34.0909,7.45455
78,549,152.502,162,74,F,F,NA,NA,10.0909,91.8182,0.909091
78,560,151.222,92,0,F,F,NA,NA,1.72727,1.45455,0.636364
78,599,168.656,113,4,F,NA,NA,NA,10.2727,1.72727,0.0909091
78,607,190.882,204,11,F,F,F,F,0.727273,14.8182,1.09091
78,621,207.894,204,0,F,F,F,F,2.90909,10.1818,0.363636
78,646,177.291,169,34,F,F,NA,NA,4.72727,39.9091,5.45455
78,647,153.942,113,35,F,F,F,C,0,11.3636,2.18182
4,4,197.063,246,0,C,F,C,F,31.4545,8.81818,3.18182
4,7,155.955,372,0,C,C,C,NA,146.727,0.272727,0.0909091
4,13,147.411,57,0,C,C,NA,NA,60.6364,0,0
4,27,160.353,40,0,C,F,F,NA,22,0.454545,194.909
4,42,149.753,330,0,C,C,C,F,137.364,0,2.81818
4,55,161.645,330,0,C,C,F,F,31.2727,0.363636,5.72727
4,60,172.177,351,0,C,F,F,F,42.2727,1.36364,3.45455
4,109,152.086,71,0,C,F,F,F,123,1.36364,6.54545
4,113,142.077,351,0,C,F,NA,NA,27.2727,0.272727,11.7273
4,115,124.338,71,0,C,F,F,F,30.9091,0.818182,50.2727
4,117,160.462,190,0,C,C,C,F,88.4545,0.272727,3.45455
4,124,131.469,330,9,C,NA,NA,NA,129.455,3.27273,4.63636
4,140,163.049,330,0,C,NA,NA,NA,108,0.181818,0.636364
4,153,215.928,190,0,C,C,C,F,50.0909,0,0.181818
4,158,149.402,40,0,C,F,F,NA,128,0.545455,1.27273
4,186,164.012,246,0,C,C,NA,NA,48.9091,0,2
4,207,201.911,337,0,C,C,N,C,58.5455,0.0909091,3
4,215,153.629,330,0,C,C,C,C,89.0909,0,0
4,243,187.963,344,0,C,C,C,F,95.6364,0,8.54545
4,268,163.67,71,0,C,N,C,C,61.6364,0,1.90909
4,298,137,344,0,C,F,F,NA,251,0.181818,9.90909
4,311,142.524,40,17,C,F,NA,NA,56.0909,2.27273,2.36364
4,342,138.192,330,0,C,C,NA,NA,2.81818,0.727273,0.909091
4,387,197.205,57,0,C,F,C,F,21.3636,3.81818,2.18182
4,395,133.959,246,0,C,C,NA,NA,112.273,0.272727,2.72727
4,400,140.918,57,0,C,C,F,F,179,0.0909091,1.09091
4,458,173.666,330,0,C,C,NA,NA,77.5455,0,0
4,482,178.404,330,0,C,N,N,N,81.0909,0.0909091,0.818182
4,501,158.619,246,0,C,C,C,F,22.4545,0,0
4,540,148.93,372,0,C,C,N,N,85.9091,0,0.0909091
4,564,136.077,246,0,C,C,F,F,107,0.181818,93.2727
18,7,195.533,190,0,C,C,C,NA,3.18182,0.272727,1.81818
18,12,203.337,253,17,C,F,F,NA,0,0,0
18,19,175.362,148,0,C,N,N,C,13.6364,48.0909,4.63636
18,35,183.535,211,0,C,C,C,C,11.4545,35.7273,0.0909091
18,40,145.836,78,33,C,F,NA,NA,34.2727,40.1818,3.90909
18,55,153.209,148,41,C,F,F,NA,23.4545,28.2727,3.18182
18,65,198.295,190,0,C,C,C,C,1.09091,1.72727,0.181818
18,91,133.094,71,1,C,NA,NA,NA,74.9091,2.45455,0.272727
18,109,169.664,253,0,C,NA,NA,NA,0.363636,80.0909,0
18,140,221.822,64,0,C,C,C,C,0.272727,2.18182,0
18,158,197.396,190,9,C,C,NA,NA,12.8182,37.8182,0
18,178,224.617,211,34,C,F,C,C,0.545455,314.818,0
18,191,150.987,64,0,C,NA,NA,NA,119.091,44.8182,17.6364
18,195,223.081,176,0,C,C,C,C,3.27273,136,0.272727
18,217,144.028,267,160,C,F,F,NA,0,6.18182,0
18,227,162.788,78,0,C,C,C,C,17.9091,70.3636,0.545455
18,232,225.942,40,0,C,C,C,C,11.7273,0.909091,0
18,262,178.362,204,0,C,C,C,C,10.3636,0.272727,1.27273
18,264,152.502,64,27,C,F,NA,NA,58.5455,11.9091,2.90909
18,265,171.4,40,0,C,C,C,NA,12.9091,1.90909,0
18,278,149.807,40,0,C,NA,NA,NA,3.72727,0,36.9091
18,289,169.186,139,0,C,F,F,C,1.81818,8.72727,1
18,294,112.004,40,46,C,F,F,NA,4.09091,29.8182,0
18,305,141.739,64,0,C,C,C,NA,35.2727,1.81818,0.727273
18,502,128.95,85,71,C,C,C,C,13.6364,127.636,3.36364
18,518,167.693,85,0,C,C,C,NA,16.7273,2.63636,1.36364
18,527,146.537,57,0,C,NA,NA,NA,3.27273,0.818182,0.545455
18,540,180.413,176,1,C,F,NA,NA,75.6364,43.9091,8.81818
18,575,183.576,204,0,C,C,C,NA,1.81818,0.909091,2.09091
18,580,177.91,190,0,C,C,NA,NA,12.2727,19.1818,5.36364
18,599,190.961,78,0,C,N,N,N,0.909091,0,1
18,604,219.276,204,0,C,C,C,C,0.181818,84.9091,0
18,621,255.633,190,0,C,C,C,N,1.36364,0.818182,0.454545
18,632,141.45,253,270,C,F,C,NA,7.36364,105.818,2.72727
18,638,198.252,190,0,C,F,F,F,0,0,0
21,1,152.882,64,0,C,C,F,F,55.5455,0.454545,0.545455
21,2,130.311,40,0,C,C,NA,NA,121.909,2.45455,25
21,15,142.864,5,0,C,N,C,NA,191.273,0.818182,0.727273
21,27,140.431,14,0,C,F,F,F,337.364,2.18182,0.545455
21,28,123.713,14,0,C,NA,NA,NA,14.9091,0,1.45455
21,50,138.798,40,0,C,F,F,NA,4.72727,0.545455,0.0909091
21,51,209.022,183,0,C,F,F,C,10.1818,2.54545,0.727273
21,52,172.54,5,0,C,C,C,F,57.4545,3.63636,0
21,54,142.622,71,12,C,F,F,F,42.8182,4.36364,15.5455
21,59,147.462,71,0,C,C,NA,NA,151.273,5.18182,0.545455
21,66,155.467,40,0,C,NA,NA,NA,157.727,0.272727,4
21,70,161.186,64,0,C,F,F,F,109.455,1.54545,3.27273
21,109,158.256,64,0,C,C,F,F,171.818,2.90909,1.09091
21,111,155.271,50,0,C,C,C,F,14.3636,0,0.363636
21,112,136.499,5,0,C,F,F,F,208.818,1.09091,1
21,118,197.773,169,0,C,C,NA,NA,36.1818,1.72727,0.909091
21,124,165.747,64,0,C,C,F,F,181.273,0.181818,0.909091
21,126,174.04,40,0,C,C,F,F,2.90909,0,3
21,170,143.405,5,0,C,NA,NA,NA,2.72727,1.09091,0
21,173,162.975,40,0,C,NA,NA,NA,118.273,2.45455,5.54545
21,186,142.127,50,0,C,F,F,F,48,1,5.90909
21,194,159.327,71,0,C,C,F,F,48,1.36364,0.272727
21,210,138.654,40,0,C,F,F,NA,35.8182,3.45455,4.27273
21,220,149.402,14,0,C,N,N,N,104.455,1.45455,0.272727
21,227,185.607,162,0,C,C,C,C,154.545,0.909091,1.09091
21,229,177.553,162,0,C,N,C,C,257.636,1.54545,1.63636
21,243,144.845,5,0,C,C,F,F,147.091,0.727273,3.45455
21,245,138.438,40,0,C,C,C,C,186,14.0909,14.4545
21,250,172.939,5,0,C,C,C,C,29.2727,1,0.181818
21,255,157.613,64,0,C,F,F,NA,6.18182,1.36364,1.09091
21,278,189.256,197,0,C,C,F,NA,21,6.36364,36.7273
21,298,164.551,5,0,C,N,NA,NA,10.9091,0,0.454545
21,313,192.51,169,0,C,NA,NA,NA,26.6364,6.09091,0.818182
21,324,220.719,40,0,C,N,N,N,82,0.636364,1
21,331,173.118,120,0,C,N,N,F,177.455,0.0909091,0.909091
21,394,203.679,169,0,C,C,N,NA,49.1818,1.63636,19.7273
21,462,192.315,40,0,C,NA,NA,NA,56.5455,0,0.0909091
21,482,168.324,40,0,C,C,C,F,67.1818,0,1.81818
21,534,145.726,57,0,C,C,NA,NA,6.63636,0.181818,0.181818
21,560,176.139,5,0,C,F,F,F,6,5.81818,0
21,592,146.373,14,0,C,C,NA,NA,455.636,1.36364,0.727273
21,673,147.167,40,0,C,F,F,F,113.545,1.27273,0.272727
21,740,227.748,176,0,C,C,C,NA,30.2727,4.90909,2.72727
29,1,104.202,50,1,C,F,C,NA,2.18182,69.3636,10.1818
29,19,131.309,14,0,C,N,NA,NA,90.6364,1.18182,1.72727
29,23,148.337,50,0,C,NA,NA,NA,81.2727,9.81818,368.364
29,26,192.899,134,19,C,NA,NA,NA,0.272727,31.0909,0.818182
29,49,136.693,14,0,C,N,N,N,80.9091,1.90909,2.09091
29,51,175.636,71,0,C,F,C,C,43.1818,2,1.63636
29,97,144.9,14,0,C,F,F,F,428.455,5.54545,6.27273
29,114,137.102,19,0,C,NA,NA,NA,54.7273,95.5455,57.0909
29,117,213.15,50,0,C,N,N,N,64.2727,6.45455,1.90909
29,120,166.976,71,0,C,F,C,NA,127.545,52.8182,216.636
29,140,136.883,14,0,C,F,NA,NA,81.1818,1.90909,10.4545
29,148,146.103,14,0,C,F,F,F,70.3636,0.636364,2.63636
29,149,145.231,14,0,C,NA,NA,NA,173.909,0.272727,1.09091
29,153,153.688,14,0,C,N,C,NA,54,2.18182,2.81818
29,173,143.377,71,9,C,NA,NA,NA,0,28.0909,1.36364
29,191,239.508,40,3,C,C,C,C,7,9.72727,1.09091
29,210,134.807,19,0,C,F,NA,NA,161.091,5.63636,11.0909
29,221,149.272,40,0,C,NA,NA,NA,124.182,1,0.727273
29,245,175.514,19,37,C,NA,NA,NA,4.09091,34.5455,0.727273
29,251,135.059,19,0,C,NA,NA,NA,25.5455,9.27273,1.54545
29,262,151.169,14,0,C,N,N,C,10.9091,0.636364,2.54545
29,296,135.96,14,0,C,NA,NA,NA,183.182,0.454545,7.18182
29,298,149.913,92,0,C,F,C,NA,51.7273,9.63636,137.545
29,311,154.987,14,0,C,N,N,NA,104.545,0,0.272727
29,397,133.69,19,0,C,NA,NA,NA,221.364,7.18182,3.09091
29,476,135.326,19,0,C,F,F,F,155.091,0.0909091,0.0909091
29,501,134.078,14,0,C,NA,NA,NA,58.8182,48,71.9091
29,507,157.582,40,0,C,F,NA,NA,183.818,4,28.3636
29,592,204.012,50,0,C,F,N,N,35.9091,0.545455,0.272727
29,593,214.849,50,0,C,F,C,C,27.0909,0,2.54545
29,599,143.59,14,0,C,N,N,N,49,2.27273,8.63636
29,607,144.554,14,0,C,F,F,NA,120.091,4.72727,13.9091
29,614,106.405,50,27,C,NA,NA,NA,0,19.7273,1.27273
29,632,121.264,14,0,C,F,NA,NA,74.9091,4.27273,5.54545
29,638,196.705,85,0,C,F,F,F,34.0909,71.8182,1.18182
58,12,145.134,71,0,C,F,NA,NA,18,1.27273,53
58,20,141.152,99,0,C,F,F,F,189.364,0.818182,9.45455
58,25,196.105,57,0,C,C,F,F,67.7273,2.18182,2.27273
58,26,154.201,64,9,C,F,F,NA,88.6364,1.18182,0
58,38,162.929,92,2,C,C,NA,NA,39,0.272727,4.45455
58,42,169.812,106,0,C,C,NA,NA,17.3636,0,0.181818
58,43,175.616,120,0,C,N,F,F,61.9091,0,1.09091
58,57,200.664,155,0,C,F,F,F,5.63636,0.727273,2
58,70,154.26,40,0,C,F,NA,NA,1,0.363636,4.81818
58,85,163.404,92,0,C,NA,NA,NA,37,0.272727,13.7273
58,97,201.467,40,0,C,C,F,F,0.818182,0,0.727273
58,99,193,141,2,C,F,F,NA,15,4.90909,4.54545
58,102,146.823,40,0,C,F,F,NA,82.6364,0.454545,0.545455
58,111,191.604,246,0,C,F,F,NA,27.3636,4.27273,1.36364
58,114,197.223,92,0,C,C,F,F,6.72727,0.272727,1.18182
58,135,171.724,148,0,C,C,F,F,0.545455,2.09091,1.27273
58,137,131.529,40,16,C,F,NA,NA,68.9091,6,19.1818
58,149,138.975,92,1,C,F,NA,NA,14.3636,0.272727,0.454545
58,158,144.972,50,0,C,F,NA,NA,83.8182,1.63636,0.0909091
58,159,177.429,158,0,C,C,F,F,80.1818,0.727273,3.63636
58,170,146.728,14,0,C,C,F,NA,75.5455,0.818182,13.4545
58,195,185.043,134,0,C,C,F,F,108.636,0.727273,6.18182
58,196,169.257,92,0,C,C,C,C,42.6364,0.181818,9.27273
58,207,194.987,120,0,C,C,F,F,156,0,0.454545
58,229,134.172,442,0,C,C,F,NA,88,0.727273,2.63636
58,238,167.215,14,0,C,NA,NA,NA,238.273,0.454545,51.2727
58,250,182.792,113,0,C,C,F,F,39,0.545455,9.45455
58,257,157.207,99,3,C,F,NA,NA,33.5455,8.81818,0.181818
58,265,130.384,78,6,C,F,NA,NA,5.36364,19,10.8182
58,268,145.344,71,0,C,C,F,NA,330.455,0.272727,4.09091
58,278,152.043,14,0,C,N,NA,NA,368.091,0,5.27273
58,318,144.534,85,0,C,F,F,F,5.36364,0.727273,25.3636
58,320,157.137,78,0,C,C,F,F,52.7273,1.36364,7.81818
58,395,147.218,99,2,C,F,NA,NA,401.091,0,1.36364
58,437,175,134,0,C,F,F,NA,44.7273,0.454545,122
58,492,157.801,92,2,C,C,F,F,29.4545,1.90909,48.7273
58,527,149.164,92,0,C,C,NA,NA,221.818,0.181818,6.63636
58,552,143.544,64,0,C,F,NA,NA,36.4545,1.09091,26.1818
58,620,169,92,0,C,C,C,NA,10.6364,2.36364,17.2727
58,621,146.632,40,1,C,F,NA,NA,79.9091,0,4.27273
58,632,220.055,442,0,C,C,F,F,45.2727,0,0.727273
78,20,159.201,57,0,C,F,F,F,301.364,1.18182,2.09091
78,24,177.37,211,0,C,F,F,C,13.3636,0.818182,0.909091
78,29,187.003,99,0,C,N,N,N,8.45455,0.636364,1.54545
78,63,177.792,85,0,C,F,NA,NA,31.6364,6.36364,252.727
78,66,203.394,40,0,C,F,F,F,2,0,31.7273
78,82,148.556,85,0,C,NA,NA,NA,273,21.2727,7
78,100,188.266,99,0,C,NA,NA,NA,166.727,0,0.272727
78,113,160.59,120,0,C,F,F,F,68.7273,3.72727,77.6364
78,115,167.586,99,19,C,NA,NA,NA,26.5455,35.4545,4.63636
78,124,141.905,99,0,C,F,C,F,15.3636,44.3636,60.8182
78,144,151.159,57,0,C,F,F,F,95.8182,0.636364,2.63636
78,159,175.285,162,1,C,C,F,F,123.273,0.454545,0.363636
78,195,164.596,183,0,C,F,F,C,3.36364,1.63636,3.18182
78,207,149.563,78,63,C,F,NA,NA,147.545,26.3636,138.545
78,255,138.611,5,1,C,NA,NA,NA,161.545,1.90909,0
78,296,168.964,71,0,C,F,F,NA,41.4545,18.0909,2.72727
78,301,161.245,78,3,C,F,F,F,31.6364,9.72727,210.909
78,305,161.604,57,0,C,NA,NA,NA,378,3.45455,3.36364
78,308,167.147,120,0,C,F,F,F,7.45455,1.09091,0
78,313,170.801,71,0,C,F,F,C,5.45455,1.90909,4.54545
78,324,140.057,64,0,C,F,NA,NA,95.0909,0,0
78,334,149.003,64,0,C,F,NA,NA,38.9091,11.1818,23.5455
78,353,166.373,176,0,C,F,F,NA,34.6364,0,1.81818
78,380,169.009,113,14,C,C,C,C,4.36364,3.90909,0.0909091
78,433,170.883,113,0,C,C,C,F,105.091,3.45455,12.3636
78,462,221.02,183,0,C,F,NA,NA,3.27273,9.18182,0
78,482,196.657,183,0,C,C,NA,NA,106.636,15.6364,0.545455
78,540,168.6,246,0,C,NA,NA,NA,114.818,2.18182,2.45455
78,552,158.079,78,2,C,NA,NA,NA,14.1818,14.8182,73.1818
78,592,166.148,99,0,C,F,F,F,5.63636,1.27273,4
78,600,171.082,162,1,C,NA,NA,NA,41.1818,1.72727,54.0909
78,610,178.645,78,0,C,F,NA,NA,71.4545,0,0
78,614,181.747,99,14,C,F,F,F,23.5455,32.8182,131.273
78,650,163.918,85,0,C,F,F,F,44.0909,2.54545,0
78,740,152.594,120,0,C,F,F,C,202.545,0.636364,3.81818
4,219,286.895,1453,0,Q,Q,Q,Q,76.8182,0,0.0909091
18,592,308.006,1453,0,Q,Q,Q,Q,0.909091,0,1.54545
21,604,301.204,1453,0,Q,Q,Q,Q,13.3636,0,1.81818
29,502,284.318,1453,0,Q,Q,Q,Q,38.4545,0,0
58,91,291.925,1453,0,Q,Q,Q,Q,51.1818,0,0
78,74,304.015,1453,0,Q,Q,Q,Q,666,0,0.272727
