maleID	GC	T
1	66.9	64.57
1	51.09	35.57
1	65.89	114.28
1	80.88	137.81
1	32.65	59.94
1	60.52	101.83
1	65.89	65.84
1	52.72	43.98
1	84.85	102.31
1	98.25	149.61
2	55.98	96.67
2	53.3	96.02
3	114.89	204.25
3	78.18	211.69
3	56.38	209.44
3	41.72	460.92
3	103.75	175.49
3	52.6	151.58
3	55.06	219.95
3	121.22	203.41
3	50.82	141.29
3	69.2	208.66
3	68.58	226.5
3	58.35	213.75
3	40.27	111.72
3	82.75	193.61
3	40.59	149.43
3	53.22	155.99
3	38.36	114.95
3	45.79	99.34
3	66.64	229.81
3	65.11	161.67
3	99.03	347.05
3	37.96	324.12
3	95.75	295.45
3	51.78	161.18
3	36.47	65.2
3	75.19	130.95
3	54.06	162.74
3	42.89	66.12
3	61.85	93.93
3	60.91	110.3
3	72.63	146.66
3	52.11	113.85
3	71.21	108.01
3	47.36	154.25
3	34.85	107.05
3	29.95	110.82
3	32.19	93.32
3	52.35	189.61
3	59.68	121.14
3	58.38	231.06
3	73.69	116.08
3	56.15	102.37
3	63.58	103.21
3	49.31	82.62
3	77.4	126.8
3	77.18	124.01
3	41.35	56.58
3	97.76	80.53
3	47.98	51.36
3	61.87	59.24
3	65.83	47.57
3	52.08	90.19
3	84.92	99.25
3	136.31	142.82
3	104	112.08
3	61.49	127.49
3	69.13	103.14
3	73.42	153.09
3	65.25	78.66
3	51.07	97.55
3	106.76	160.4
4	66.77	223.85
4	71.42	229.09
4	32.63	138.96
4	57.25	451.4
4	43.61	305.33
4	32.63	206.77
4	56.1	130.95
4	66.47	135.96
4	33.74	206.26
4	29.01	188.53
4	73	279.18
4	47.54	191.74
4	56.43	1134.46
4	32.01	143.59
4	44.4	137.05
4	34.72	143.63
4	51.11	434.64
4	27.82	170.92
4	15.61	52.82
4	129.64	234.63
4	56.98	291.85
4	60.94	286.93
4	63.34	209.72
4	58.3	355.67
4	43.22	249.98
4	28.46	72.93
4	35.64	95.82
4	57.75	121.43
4	41.3	127.94
4	38.1	96.21
4	46.67	112.94
4	43.46	209.62
4	53.95	212.26
4	54.4	124.84
4	79.92	138.33
4	62.69	148.63
4	50.56	203.91
4	67.46	166.14
4	65.71	209.13
4	79.25	144.96
4	40.9	94.73
4	46.42	50.31
4	118.98	148.23
4	65.97	82.45
4	76.56	84.79
4	80.13	109.42
5	56.14	250.98
5	119.28	191.24
5	90.65	200.96
5	82.39	381.05
5	70.16	260.44
5	61.12	255.05
5	65.56	233.93
5	63.92	197.36
5	41.72	203.36
5	68.52	130.07
5	36.34	135.22
5	36.34	103.78
5	25.41	153.2
5	125.62	903.88
5	67	551.28
5	45.13	77.17
5	28.94	73.5
5	25.88	68.68
5	148.65	180.04
5	58.36	123.31
5	85.88	167
5	57.89	140.42
5	94.01	111.2
5	79.96	91.17
5	87.18	88.68
5	54.74	62.09
5	84.56	57.18
5	52.16	66.6
6	73.27	84.98
6	81.4	71.13
6	83.58	58.67
6	126.08	79.69
6	110.96	103.14
6	89.72	71.22
6	90.82	76.75
7	139.05	124.64
7	112.82	521.54
7	86.68	125.17
7	138.57	103.84
7	127.22	120.08
8	57.6	180.36
8	71.2	169.3
8	40.24	104.57
8	70.16	155.71
8	91.08	191.89
8	55.89	119.3
8	65.19	79.83
8	36.1	52.28
8	78.21	110.19
8	81.61	109.21
8	86.86	102.17
8	75.07	122.82
8	92.86	199.45
8	56.01	90.52
8	84.57	114.83
8	118.35	168.71
8	81.18	90.27
9	209.12	246.47
9	47.38	35.95
9	38.12	74.2
9	90.76	98.85
10	40.47	223.51
10	95.16	246.32
10	73.85	189.52
10	38.89	130.37
10	35.4	234.27
10	38.53	338.02
10	128.5	157.13
10	38.39	299.14
10	64.15	247.08
10	47.49	187.64
10	79.37	410.64
10	70.98	411.63
10	49.66	128.84
10	51.89	231.91
10	66.84	288.34
10	56.12	389.56
10	79.04	150.64
10	46.61	144.02
10	53.16	423.93
10	40.67	253.56
10	178.56	308.39
11	74.86	121.76
11	99.5	120.82
11	83.27	177.68
11	50	265
11	65	43.88
11	66.7	31.45
11	49.84	35.99
11	64.71	43.42
11	73.46	29.43
11	89.21	63.88
11	68.41	32.14
11	38.04	34.36
11	30.18	17.36
11	50.45	38.78
11	100.01	51.75
11	96.8	77.09
11	88	39.89
11	68.18	74.69
11	85.27	114.51
11	43.05	58.09
11	87.95	97.45
11	72.22	46.37
11	64.91	48.3
11	32.23	52.32
11	42.82	101.55
11	65.14	66.96
12	64.88	42.75
12	92.53	53.22
12	114.84	50.43
12	93.25	41.2
12	48.67	36.49
12	52.01	68.82
12	49.26	46.27
12	45.45	35.76
12	39.55	21.73
12	73.37	37.8
12	64.76	65.55
12	55.22	152.32
12	46.74	95.66
12	141.6	51.81
12	73.84	64.05
12	123.62	50.43
12	52.51	46.13
12	45.3	80.6
12	61.17	51.58
12	81.1	38.83
12	82.1	114.7
12	34.9	52.44
12	41.64	70.4
13	78.05	78.24
13	85.48	58.93
13	65.13	45.41
13	70.15	72.04
13	38.75	58.77
13	83.16	132.29
13	79.06	95.02
13	60.27	83.03
13	72.03	87.87
13	50.85	88.73
13	58.62	72.01
13	87.6	108.78
13	73.27	68.09
13	95.8	74.86
13	68.3	67.82
13	63.4	67.52
14	67.94	102.14
15	30.46	142.23
15	51.58	119.21
15	52.14	262.13
15	92.77	923.51
15	82.24	281.06
15	45.47	140.18
15	44.75	182.27
15	49.4	120.47
15	92.11	247.83
15	44.24	147.92
15	53.64	189.26
15	57.18	253.15
15	39.49	341.06
15	83.49	213.99
15	32.51	125.43
15	50.71	175.15
15	118.93	217.72
15	31.99	127.34
15	39.61	187.17
15	57.81	173.4
15	42.66	102.41
15	39.5	107.51
15	34.69	97.29
15	51.58	133.37
15	51.46	137.45
15	87.18	167.7
15	136.73	128.46
15	38.27	133.38
15	29.74	109.62
15	33.45	90.84
15	43.87	88.61
15	62.1	61.94
15	65.19	84.01
15	45.18	106.55
15	43.31	49.72
15	65.89	94.06
15	46.14	66
15	59.75	107.08
15	80.35	153.65
15	88.46	120.29
16	83.25	147.7
16	82.92	495.99
16	61.2	435.34
16	59.57	288.41
16	89.39	139.14
16	32.33	168.5
16	63.06	125.15
16	52.49	237.68
16	47.69	371.79
16	42.38	112.39
16	33.1	121.2
16	183.49	267.68
16	53.67	244.11
16	32.65	156.68
16	145.52	101.48
16	46.3	84.46
16	90.64	78.31
16	67.79	98.2
16	55.47	144.61
16	101.46	184.04
16	60.4	106.07
16	64.57	181.11
16	93.27	71.65
16	53.34	60.89
16	48.42	63.36
16	95.67	219.36
16	63.37	127.86
16	76.51	99.5
16	49.55	51.76
16	80.14	87.7
16	96.29	69.5
17	56.1	67.37
17	71.56	97.79
17	62.63	25.7
18	47.21	79.02
18	61.08	112.05
18	64.59	156.75
18	76.06	51.35
19	11.78	110.97
19	26.14	111.5
19	49.55	116.38
20	96.41	240.57
20	131.97	192.25
20	53.47	111.5
20	51.2	85.5
21	57.18	67.51
21	87.17	72.04
21	76.95	79.42
21	106.06	145.79
21	69.84	113.76
21	53.96	118.96
21	106.58	152.24
21	55.29	68.91
21	92.9	54.81
21	131.68	91.14
21	73.89	278.82
21	129.99	156.82
22	192.42	105.96
22	74.17	86.02
22	57.63	60.58
22	57.01	62.81
22	77.15	217.66
23	29.99	218.88
23	68.81	268.76
23	31.89	211.25
23	18.16	195.93
23	46.31	292.46
23	82.63	129.83
23	42.14	118.26
23	21.47	87.16
23	29.63	110.87
23	58.39	405.75
23	53.15	423.42
23	61.43	495.1
23	69.99	93.75
23	59.05	319.83
23	60.04	438.47
23	23.07	88.53
23	54.97	99.95
23	47.14	97.41
23	42.11	290.12
23	72.42	471.24
23	126.93	323.08
23	25.42	71.5
23	47.88	79.11
23	38.87	79.37
23	49.16	70.54
23	34.18	86.34
23	26.61	99.67
23	84.36	134.49
23	65.06	127.41
23	21.83	85.37
23	61.19	100.19
23	89.02	114.22
23	73.6	180.88
23	50.41	90.29
23	47.62	205.38
23	36.75	36.66
24	62.33	463.99
24	78.42	202.66
24	46.6	188.11
24	42	231.46
24	55.62	259.2
24	55.85	287.88
24	57.73	408.69
24	49.11	324.7
24	47.18	271.49
24	53.01	117.05
24	37.3	107.15
24	50.18	175.58
24	43.98	164.29
24	46.69	362.25
24	22.21	241.24
24	45.28	412.44
24	55.17	238.01
24	43.92	342.2
24	46.8	325.34
24	74.78	147.39
24	158.06	126.06
24	58.72	177.3
24	38.42	116.77
24	36.4	189.65
24	54.11	369.84
24	40.67	342.24
24	31.26	276.9
24	28.52	130.46
24	34.08	163.12
24	32.4	165.39
24	23.93	109.7
24	21.13	168.82
24	26.59	130.89
24	47.44	449.5
24	103.13	80.53
25	55.19	140.7
25	40.65	193.68
25	111.59	174.42
25	40.69	196.22
25	49.02	147.15
25	82.89	91.69
25	172.43	94.18
25	98.45	265.37
25	67.34	200.96
25	60.37	198.82
25	47.67	190.65
25	20.24	158.32
25	86.97	115.88
25	66.78	170.61
25	41.66	141.25
25	49.44	75.92
25	59.28	105.8
25	80.1	175.28
25	60.34	110.18
25	65.04	60.96
25	66.99	108.67
25	53.18	108.43
25	75.54	127.85
25	37.95	103.2
25	61.14	124.93
25	33.65	84.72
25	68.81	168.01
25	59.05	174.21
25	38.86	115.27
25	80.76	415.02
25	51.22	198.83
25	123.24	310.98
25	87.93	179.57
25	85.74	124.62
25	100.45	274.1
26	41.22	176.57
26	63.08	168.18
26	66.95	268.43
26	35.06	75.06
26	28.18	45.2
26	74.39	122.35
26	38.8	57.95
26	37.78	111.61
26	31.08	113.77
26	40.65	154.68
26	58.2	150.31
26	49.3	63.98
26	77.06	103.79
26	64.51	137.5
26	42.17	34.06
26	48.84	41.53
26	167.67	65.12
26	203.27	97.25
26	54.37	74.14
26	82.78	88.92
26	58.91	95.99
26	58.11	31.25
27	105.5	223.85
27	54.66	163.21
27	52.83	88.05
27	76.83	70.42
27	133	179.56
29	31.61	36.54
29	127.06	100.7
29	94.88	169.73
29	43.77	114.55
29	54.39	154.23
29	84.22	188.8
29	166.39	99.55
29	29.47	48.07
29	29.08	67.6
29	72.32	105.5
29	89.37	128.53
29	88.13	163.49
29	58.61	126.08
29	94.7	299.54
29	49.43	48.49
29	99.78	75.93
29	47.04	37.45
29	78.51	76.97
29	70.05	60.07
29	81.95	45.14
29	98.73	124.2
29	52.76	68.11
29	120.88	118.83
29	79.35	110.91
29	66.28	137.45
29	161.16	95.98
29	70.19	138.67
29	72.64	125.51
29	51.97	75.14
29	121.81	54.89
29	92.1	192.05
29	167.99	105.94
29	79.57	181.45
30	65.1	113.43
30	90.16	188.86
30	241.45	199.41
30	105.13	241.85
30	63.51	196.46
30	80.55	211.57
30	182.05	223.59
30	43.34	121.99
30	34.16	106.68
30	75.62	239.41
30	40.4	81.27
30	41.87	117.27
30	48.05	146.96
30	33.25	341.31
30	63.57	144.06
30	55.82	144.98
30	30.02	184.61
30	131.41	386.97
30	61.01	252.85
30	52.34	94.3
30	44.58	74.86
30	181.36	81.67
30	72.04	137.21
30	62.61	129.26
30	40.24	119.17
30	35.2	92.17
30	58.8	209.2
30	51.76	186.82
30	40.21	134.2
30	119.59	45.06
30	28.67	120.5
30	64.23	183.83
30	59.36	211.4
30	73.3	165.42
30	44.97	134.76
30	66.32	118.4
30	32.9	148.31
30	77.17	143.76
30	70.48	130.8
30	93.46	117.37
30	71.55	109.23
30	55.78	106.35
30	61.85	180.4
30	73.88	213.26
30	65.61	120.87
30	50.09	89.39
30	34.05	69.67
30	44.87	121.25
30	53.93	156.29
30	45.74	114.67
30	68.75	156.27
30	119.02	131.13
30	40.93	131.07
30	65.27	198.4
30	62.05	135.59
30	60.97	187.75
30	64.91	136.51
30	71.4	107.03
30	203.93	55.25
30	98.79	142.15
30	75.28	68.82
30	93.51	155.07
30	117.35	154.16
31	85.36	192.62
32	30.76	45.85
32	47.2	86.97
32	142.48	56.59
33	48.07	132.71
34	73.85	187.04
34	101.02	170.97
34	49.55	103.49
34	68.08	143.16
34	54.71	153.81
34	59.09	121.51
34	84.66	107.92
34	60.87	133.14
34	67.52	172.78
34	93.91	96.58
34	68.84	80.36
34	67.29	63.72
34	64	110.13
34	72.71	117.52
34	62.65	128.75
34	83.48	91.55
35	77.12	159.59
35	84.72	106.86
35	33.16	51.88
35	73.67	89.91
35	58.37	86.67
36	36.73	82.48
36	38.6	69.37
36	30.64	58.27
36	36.61	71.31
36	34.3	146.9
36	27.99	54.98
36	28.3	35.66
36	53.01	54.46
36	41.13	56.74
36	45.8	81.73
36	65.14	99.39
36	62.39	131.4
36	50.36	37.83
36	87.33	37.74
36	52.13	41.92
36	75.49	21.43
36	51.09	24.85
36	55.28	47.51
36	39.7	56.31
36	48.98	43.06
36	55.91	57.9
36	48.84	37.98
36	41.96	44.45
36	39.53	24.84
36	90.58	131.7
36	83.24	117.96
36	54.68	61.54
36	147.06	85.9
36	86.52	98.63
36	44.28	88.04
36	46.33	70.71
36	31.21	34.79
36	42.19	51.79
36	68.74	56.77
36	46.96	35.58
36	60.49	45.37
36	48.67	107.14
36	118.14	105.5
36	57.57	52.62
37	71.91	442.13
37	81.77	177.76
37	65.38	150.2
37	155.52	113.12
37	89.25	91.72
37	71.23	74.33
37	80.05	150.63
37	50.43	108.19
37	53.31	158.42
37	93.15	197.13
37	153.66	271.21
37	28.46	71.46
37	42.57	82.2
37	31.75	94.37
37	34.67	117.56
37	37.34	76.53
37	41.51	91.69
37	35.87	129.76
37	242.7	172.82
37	121.64	112.66
37	26.83	59.81
37	66	87.69
37	137.18	94.43
37	40.53	74.34
37	33.66	74.92
37	90.34	178.75
37	41.08	61.94
37	36.33	57.31
37	44.37	61.83
37	50.35	84.61
37	120.8	62.56
37	72.79	50.17
37	49.73	50.31
37	41.72	43.74
37	61.39	51.63
37	47.03	50.56
37	53.99	66.88
37	34.66	35.73
38	102.64	135.17
39	77.4	70.38
39	51.63	51.72
39	65.22	61.99
40	53.53	280.75
40	56.82	286.92
40	86.8	118.19
40	52.54	105.75
40	48.41	141.46
40	34.27	187.74
40	153.99	73.13
40	70.03	140.8
40	74.48	159.06
40	78	156.23
40	80.38	135.06
40	130.21	230.92
40	73.89	169.45
40	103.23	253.86
40	62.18	222.05
40	64.47	398.84
40	62.13	62
40	51.25	93.55
40	50.46	96.85
40	40.01	89.41
40	85.08	276.43
40	65.39	152.45
40	66.08	155.09
40	37.5	122.95
40	103.34	301.98
40	72.3	278.46
40	68.79	313.96
40	65.55	117.57
40	70.65	148.31
40	97.67	200.02
40	105.8	158.37
40	79.37	241.8
41	43.73	304.25
41	52.9	392.39
41	114.81	80.07
41	154.74	338.81
41	95.9	249.39
41	23.92	233.41
41	52.98	232.12
41	82.83	475.11
41	114.49	121.75
41	71.21	391.13
41	56.74	195.78
41	28.31	109.96
41	14.36	42.96
41	71.92	413.26
41	66.23	424.57
41	7.14	104.04
41	47.02	90.8
41	47.12	181.86
41	44.7	73.44
41	40.11	126.14
41	74.43	182.11
41	50.35	174.37
41	31.78	92.95
41	29.14	98.13
41	26.6	105.55
41	47.28	181.75
41	59.16	198.96
41	59.85	121.68
41	53.13	118
41	73.4	214.36
41	22.96	209.72
41	37.84	55.57
41	72.79	124.28
41	55.59	65.05
41	30.82	135.49
41	111.45	165.88
41	41.74	70.3
41	66.41	198.18
41	72.95	83.5
41	72.87	71.06
41	121.58	79.13
41	54.06	66.04
41	73.95	76
41	30.46	36.58
41	36.64	60.37
41	56.21	65.71
41	86.24	148.25
41	95.23	330.3
41	40.67	275.54
41	61.65	186.63
41	25.18	132.62
41	43.7	238.73
41	60.57	141.93
42	35.56	105.56
42	50.2	60.32
42	174.92	87.17
42	149.37	298.47
42	71.19	184.7
43	59.77	485.16
43	60.01	3420.74
44	50.46	191.87
44	90.58	133.61
44	102.59	117.99
44	85.82	148.98
44	104.92	436.96
44	74.26	88.95
44	81.92	200.44
44	78.81	100.98
44	43.49	90.78
44	67.89	124.28
44	68.56	276.25
44	36.73	89.59
44	33.59	103.69
44	55.34	104.36
44	32.87	94.76
44	50.4	166.25
44	73.34	183.11
44	54.17	163.96
44	57.36	111.69
44	107.39	134.31
44	30.08	68.17
44	97.94	119.74
44	45.09	58.9
44	110.18	159.7
44	73.35	257.57
44	32.11	131.15
44	104.36	184.79
44	94.06	195.28
44	65.91	200.85
44	63.57	116.15
44	14.56	91.26
44	19.94	167.46
44	15.47	137.31
44	22.23	106.15
44	25.08	144.35
44	85.93	125.5
44	60.81	140.7
44	51.96	76.3
44	58.81	71.16
44	52.32	123.65
44	48.11	75.62
44	29.92	50.93
44	27.92	96.01
44	48.63	58.16
44	68.8	103.81
44	107.76	148.22
44	112.11	210.27
44	107.78	320.12
44	89.28	117.37
44	71.29	77.45
44	117.74	208.64
44	71.65	111.02
44	145.24	252.91
44	132.1	112.45
44	133.96	267.4
44	78.79	105.29
45	85.59	246.51
46	55.63	39.8
46	17.12	15.23
46	69.05	158.05
46	63.77	150.52
46	34.52	100.67
46	117.42	149.61
46	58.03	100.94
46	63.63	45.56
46	93.94	59.61
46	74.3	65.12
46	57.09	114.12
46	86.07	39.17
46	51.47	61.49
46	54.02	111.67
46	145.22	363.46
46	108.74	56.02
46	105.41	112.07
46	80.72	212.46
46	75.25	60.87
46	69.06	53.27
46	81.13	46.7
46	96.12	94.3
46	74.12	65.47
46	154.95	138.43
47	43.89	90.78
47	92.87	111.3
47	52.49	227.15
47	90.08	209.52
47	61.03	131.51
47	34.43	130.75
47	55.93	148.08
47	49.12	114.18
47	44.28	135.37
47	29.6	100.26
47	67.63	183.28
47	42.19	133.96
47	34.34	104.82
47	61.48	95.93
47	66.14	96.48
47	69.86	87.37
47	84.69	149.02
47	42	146.61
47	35.39	63.86
47	43.57	57.64
47	48.6	85.49
47	60.3	62.29
47	68.31	76.47
47	24.96	125.41
47	51.27	33.48
47	51.01	141.63
47	44.61	84.37
47	83.08	152.49
47	94.31	161.02
47	77.98	97.17
47	51.65	82.2
47	82.25	117.7
47	99.43	178.16
47	61.75	83.9
48	98.58	115.59
48	81.02	71.61
48	57.47	227.88
48	68.1	104.42
48	119.39	144.97
48	80.91	52.57
48	102.65	44.01
48	44.7	42.12
48	41.05	37.47
48	96.97	142.98
48	81.96	167.89
48	49.47	46.03
48	158.52	54.03
48	33.41	52.55
48	38.91	35.81
48	44.98	34.61
48	199.86	116.41
48	44.64	53.76
48	126.1	68.7
48	57.03	76.26
48	140.27	41.92
48	84.63	38.6
48	74.14	54.76
49	95.74	45.78
49	112.05	99.58
49	81.05	52.5
49	87.05	56.11
49	89.29	144.11
49	330.04	85.35
49	155.02	139.79
49	208.12	77.72
49	304.35	82.24
49	115.19	120.75
49	83.25	237.02
49	96.62	147.47
49	110.73	167.18
49	62.39	69.34
49	93.13	59.91
49	57.46	62.78
49	77.86	40.75
49	116.18	83.99
49	69.16	245.22
50	59.46	136.97
50	64.99	186.36
50	52.56	191.82
50	83.98	54.1
50	81.93	157.33
50	64.85	98.97
50	66.12	35.26
50	55.07	49.22
50	57.3	94.77
50	154.47	65.96
50	74.73	150.71
50	50.91	120.36
50	72.93	83.56
50	91.76	196.7
50	45.47	129.88
50	147.58	56.62
50	67.84	72.77
50	51.7	53.57
50	135.8	68.1
50	117.51	204.58
50	61.78	73.78
51	110.81	108.23
51	175.63	165.64
51	150.8	213.76
51	87.29	260.13
51	47.66	158.04
51	80.68	352.77
51	67.83	151.04
51	43.92	155.73
51	47.7	198.67
51	66.71	102.93
51	37.17	127.34
51	75.45	160.41
51	57.8	171.51
51	121.05	555.82
51	69.01	260.46
51	119.22	265.28
51	41.15	124.6
51	15.93	39.03
51	32.84	132.95
51	61.38	112.44
51	56.39	151.34
51	55.12	118.17
51	92.98	76.03
51	13.1	44.46
51	35.94	154.81
52	110.33	394.28
52	73.58	227.15
52	89.13	214.64
52	235.51	399.1
52	66.95	278.1
52	97	238.8
53	84.61	229.59
53	69.8	265.74
53	77.63	308.54
54	121.98	99.27
54	83.11	120.63
54	49.8	153.31
54	165.34	102.13
54	82.75	79.92
54	56.59	105.83
54	71.11	177.51
54	70.43	213.6
54	70.24	157.97
54	74.72	99.08
54	55.48	123.95
54	94.9	211.17
54	59.96	133.01
54	66.34	101.47
54	43.08	110.24
54	41.36	110.85
54	71.06	143.62
54	75.01	138.28
54	83.12	134.27
54	67.63	71.99
54	54.66	56.73
54	53.82	77.85
55	38	61.15
55	50.88	64.4
55	41.97	90.46
55	37.49	33.71
55	40.8	39.34
55	41.53	33.36
55	91.48	53.6
55	69.53	52.7
55	50.5	49.5
55	59.51	39.84
55	82.69	79.08
55	34.28	29.8
55	51.84	61.88
55	68.27	112.8
55	44.38	99.1
55	41.74	81.66
55	17.58	50.57
55	31.72	51.6
55	60.8	70.59
55	77.77	60.84
56	86.66	74.73
56	32.41	124.17
56	67.14	121.16
56	83.19	119.31
56	77.43	91.95
56	84.09	199.49
56	62.13	123.23
56	49.82	117.45
56	43.3	81.39
56	58.67	86.77
56	109.93	69.95
56	95.57	119
56	56.3	55.5
56	151.69	52.32
56	85.49	57.3
56	99.59	71.32
56	65.98	61.13
56	78.78	110.08
56	38.01	66.4
56	71.75	60.5
56	47.04	59.72
56	67.7	42.8
56	28.64	35.51
56	42.47	36.33
56	52.12	69.26
56	66.29	83.37
56	83.32	91.53
56	76.06	102.37
56	67.22	100.89
56	103.35	144.8
56	48.54	125.18
56	69.08	104.21
56	64.42	126.26
56	123.61	192.01
56	90.97	90.15
56	58.62	86.61
56	86.35	84.45
56	120.2	137.48
56	49.95	56.42
56	87.5	97.04
56	130.77	74.23
57	65.32	263.38
57	52.49	71.83
57	45.28	155.31
57	78.04	292.95
57	56.96	290.53
57	51.95	861.62
57	103.98	715.87
57	58.75	592.87
57	74.49	511.4
57	84.8	879.57
57	75.73	898.18
57	42.41	132.49
57	79.98	409.48
57	84.78	260.29
57	125.72	389.24
57	74.51	583.31
57	41.39	238.72
57	43.55	828.59
57	118.58	971.99
57	51.91	231.64
57	50.28	130.84
57	57.45	463.65
57	53.09	213.84
57	74.44	257.3
57	36.72	328.92
57	72.15	327.26
57	53.62	219.12
57	47.7	121.81
57	29.63	214.54
57	29.06	238.28
57	46.39	304.43
57	52.47	215
57	51.79	132.46
57	150.01	201.04
57	77.93	145.07
57	65.3	212.1
57	40.8	105.33
57	46.81	143.59
57	55.2	113.68
57	45.58	76.83
57	52.13	105.95
57	63.9	95.55
57	37.56	77.42
57	83.52	104.86
57	52.52	102.53
57	135.33	231.74
58	81.11	250.05
59	87.98	54.07
59	60.31	39.36
59	161.06	66.96
59	76.45	33.53
59	101.91	67.96
59	49.05	75.59
59	78.81	81.62
59	77.44	75.08
59	41.69	37.93
59	110.33	92.14
59	44.22	52.29
59	88.8	52.4
59	51.11	68.98
59	54.67	62.38
59	60.97	86.56
59	60.78	88.07
59	81.28	167.06
59	87.36	164.52
59	60.56	110.11
59	67.07	161.3
59	77.19	170.93
59	52.81	123.84
59	51.05	133.69
59	37.49	107.41
59	71.55	113.8
60	87.24	259.05
60	105.76	168.01
60	94.97	198.05
60	30.11	109.23
60	64.23	129.17
60	59.03	365.84
60	39.28	209.56
60	41.12	190.81
60	51.79	237.32
60	45.11	233.72
60	38.21	165.08
60	54.39	133.69
60	38.73	233.84
60	69.97	195.71
60	45.25	227.68
60	34.78	211.37
60	25.69	132.83
60	33.34	65.38
60	26.25	129.96
60	43.82	78.76
60	78	136.29
60	118.88	72.28
60	55.19	72.54
60	52.95	124.19
60	43.99	81.33
60	63.32	99.55
60	49.92	53.28
60	24.62	85.22
60	51.05	125.2
60	67.06	114.94
60	72.78	39.93
60	39.13	77.22
60	32.77	60.27
60	55.56	85.77
60	55.51	112.15
60	81.76	51.51
60	86.94	42.85
60	89.02	37.42
60	91.43	92.6
60	63.14	61.54
60	74.9	33.11
60	45.45	47.63
60	42.67	75.64
60	49.28	82.49
60	89.8	99.57
60	104.53	90.84
60	74.99	73.11
60	37	42.9
60	114.36	67.91
60	77.15	51.89
60	73.8	88.51
61	89.5	111.43
61	92.9	118.54
61	67.15	64.09
61	87.86	90.42
61	52.45	87.51
61	45.01	155.04
61	99.75	245.2
61	85.52	189.06
61	88.78	301.01
61	77.45	260.87
61	54.25	210.78
61	53.81	170.91
61	62.69	157.4
61	63.51	182.42
61	145.79	79.95
61	67.56	97.07
61	120.85	143.45
61	56.24	82.64
61	77.21	187.1
61	92.7	164.28
62	39.82	195.83
62	106.73	79.03
62	180.29	138.37
62	79.84	82.4
62	56.63	122.71
62	76.15	138.06
62	53.28	60.91
62	191.35	52.48
62	75.62	147.83
62	40.01	131.48
62	70.51	220.07
62	91.59	156.5
62	52.17	94.68
63	84.85	221.05
63	49.32	136.6
63	71.05	153.24
63	31.44	102.72
63	31.22	117.86
63	64.65	287.64
63	54.44	141.91
63	70.21	144.21
63	90.57	227.22
63	43.63	96.73
63	69.1	107.87
63	40.12	108.41
63	59.42	103.86
63	53.41	126.15
63	60.11	144.38
63	47.79	110.55
63	40.43	122.11
63	44.77	79.61
63	37.73	95.43
63	47.96	70.53
63	68.15	75.04
63	103.58	65.49
63	160.11	60.63
63	58.2	96.22
63	86.96	92.76
63	56.88	73.61
63	61.32	87.57
63	60.61	66.45
63	53.25	77.21
63	48.37	90.54
63	48.58	143.51
63	56.34	117.84
63	40.41	108.5
63	72.31	146.73
63	58.13	133.28
64	63.21	299.97
64	61.88	232.58
64	114.12	376.37
64	64.77	90.05
64	93.99	153.56
64	45.28	106.56
64	70.41	214.67
64	111.87	1006.11
64	43.29	250.76
64	49.15	365.49
64	64.44	254.4
64	40.8	244.51
64	35.27	199.69
64	87.37	369.23
64	47.66	199.21
64	59.17	112.52
64	39.53	200.13
64	45.69	175.74
64	56.23	239.5
64	32.8	285.05
64	37.76	545.86
64	36.03	200.87
64	45.78	147.7
64	34.79	144.14
64	70.31	267.07
64	37.85	148.45
64	87.39	157.1
64	88.53	148.69
64	120.89	231.68
64	63.91	212.18
64	44.07	97.17
64	64.11	172.67
64	39.69	130.11
64	53.15	217.48
65	46.64	131.36
65	45.16	182.88
65	130.92	126.44
65	80.19	301.84
65	77.51	138.51
65	51.76	74.96
65	37.27	89.2
65	37.36	114.01
65	54.97	139.2
65	48.4	151.22
65	50.26	117.99
65	63.54	94.38
65	54.8	91.25
65	64.49	91.17
65	45.45	78.92
65	44.83	98.58
65	41.38	122.1
65	76.5	145.87
65	26.97	90.56
65	44.01	117.73
65	36.31	85.86
65	85.98	188.97
65	69.86	173.14
65	46.63	60.23
65	47.05	77.06
65	163.62	60.43
65	58.65	93.71
65	58.15	102.42
65	50.98	112.74
65	60.35	134.41
65	59.36	126.66
65	27.76	22.28
65	102.48	46.86
65	90.2	53.45
65	235.26	32.66
65	66.26	72.64
65	64.58	56.99
65	49.61	64.46
66	102.31	102.68
66	42.65	140.32
66	46.79	335.41
66	51.01	115.52
66	62.63	67.44
66	31.22	85.8
66	68.68	53.28
66	39.91	86.7
66	28.06	158.82
66	36.78	240.47
66	48.67	221.49
66	44.64	82.77
66	43.39	85.52
66	45.12	107.7
66	45.51	88.67
66	55.8	86.17
66	54.04	118.44
66	75.88	119.08
66	101.21	190.04
66	62.74	190.26
67	39.93	124.74
68	43.7	51.31
68	54.53	87.81
68	52.06	51.26
68	47.26	59.18
68	42	47.7
68	40.07	54.56
68	93.46	62.22
68	106.07	60.69
68	199.91	71.38
68	72.15	97.76
69	94.28	34.91
69	87.91	48.08
69	46.87	34.3
69	61.2	36.97
69	40.56	52.96
69	127.8	65
69	68.12	25.37
69	53.14	53.91
69	249.37	140.91
69	65.47	65.33
69	52.99	58.8
69	28.62	63.3
69	36.16	69.59
69	67.26	64.65
69	72.19	96.2
69	59.62	154.47
69	76.63	128.1
69	74.91	124.33
69	45.77	99.2
69	61.41	147.33
69	59.19	199.55
69	124.79	33.43
70	98.84	145.27
70	89.12	436.8
70	38.22	70.61
70	38.97	130.71
70	63.08	187.75
70	76.24	157.26
70	43.88	167.79
70	62.48	281.3
70	51.99	173.23
70	73.21	194.23
70	62.22	119.38
70	151.67	119.1
70	70.33	44.85
70	140.73	68.39
70	92.05	93.35
70	137.12	84.85
70	96.97	106.42
70	177.55	104.81
70	52.12	126.32
70	58.28	85.54
70	71.24	159.11
70	69.1	146.22
70	217.17	185.64
70	76.52	171.08
70	73.62	174.55
70	69.84	220.45
70	57.49	246.68
70	67.19	158.14
70	91.13	273.02
70	59.87	100.43
70	78.5	181.91
70	131.47	328.9
70	111.31	159.21
71	59.58	258.16
71	105.61	295.49
71	118.57	483.42
71	63.31	321.68
71	159.11	444.55
72	62.88	88.2
72	94.91	119.75
73	86.14	77.42
73	75.03	144.86
73	86.34	436.6
73	55.09	124.44
73	37.35	103.37
73	34.01	51.13
73	152.17	93.07
73	94.84	83.88
73	121.18	86.05
73	152.23	58.78
74	21.58	171.86
75	86.31	300.75
75	61.71	480.58
75	64.2	440.05
75	96.62	189.93
75	66.97	293.84
75	44.36	159.47
75	41.66	710.36
75	102.61	551.24
75	96.37	537.79
75	74.15	678.87
75	41.91	274.47
75	38.47	126.75
75	59.37	408.64
75	90.02	216.32
75	96.91	196.43
76	134.75	147.95
76	65.27	106.63
76	89.28	76.63
76	106.39	130.64
76	59.07	270.57
76	79.41	61.96
76	62.26	163.47
76	53.11	46.63
76	86.86	280.38
76	155.35	85.77
76	71.78	91.33
76	93.68	86.53
76	69.42	90.15
76	106.26	32.67
76	79.24	24.06
76	190.17	33.01
76	94.91	46.86
76	105.03	29.4
76	69.54	105.16
76	62.34	248.43
76	80.32	55.33
76	30.6	22.74
76	44.47	56.12
76	49.81	47.21
76	121.79	33.2
76	92.89	34.19
76	92.86	46.5
76	130.13	40.81
76	157.49	58.33
76	149.5	41.55
76	88.98	104.96
76	57.39	103.2
76	44.36	133.32
76	61.5	108.16
76	204.01	55.67
76	108.5	46.4
76	52.34	39.33
76	214.97	50.36
76	79.45	41.04
77	185.24	74.96
77	97.41	89.22
78	50.64	107.27
78	56.96	77.19
78	91.02	310.66
78	54.41	271.34
78	44.96	93.73
78	61.76	111.83
78	63.35	151.38
78	42.51	46.77
78	69.49	116.96
78	95.44	72.16
78	89.78	72.29
78	114.73	73.71
78	124.27	70.99
78	46.02	42.82
78	72.44	143.42
78	72.3	193.49
78	62.54	165
78	63.72	105.04
78	63.18	253.63
78	44.19	135.77
78	69.14	166.3
78	60.55	96
78	51.25	46.37
78	68.09	81.94
78	131.05	107.01
78	83.82	114.07
78	61.43	125.13
78	84.78	143.46
78	89.58	170.47
79	50.76	200.81
79	140.07	196.42
79	53.79	197.34
79	68.28	153.01
80	95.54	69.74
80	36.63	57.01
80	44.06	87.2
80	45.17	106.61
80	59.62	88.57
80	52.72	82.3
80	53.65	61.92
80	68.32	121.39
80	27.66	66.75
80	37.26	40.9
80	28.68	53.32
80	43.71	69.1
80	21.31	97.35
80	48.52	205.79
80	38.1	86.04
80	50.5	48.13
80	22.37	30.24
80	37.37	37.76
80	28.4	53.28
80	52.52	52.43
80	67.76	21.8
80	124.51	29.46
80	76.75	46.18
80	83.21	40.22
80	55.43	64.71
80	58.89	54.5
80	60.63	38.64
80	61.47	46.99
80	63.46	48.57
80	36.29	52.56
80	58.15	31.51
80	97.83	53.92
80	97.02	59.87
80	81.71	58.88
80	125.44	68.3
81	124.98	244.78
82	87.49	117.53
82	46.59	120.39
82	25.09	99.89
82	79.24	62.27
82	54.51	103.18
82	65.24	104.23
82	66.38	68.21
82	46.95	60.42
82	77.02	60.66
82	94.99	88.59
82	80.44	330.24
82	153.06	141.35
82	18.66	24.5
82	39.28	39.83
82	51.95	85.66
82	42.13	95.12
82	62.39	106.54
82	46.27	95.32
82	54.95	117.34
82	44.44	88
82	52.22	81.01
82	114.81	139.31
82	157.25	88.39
82	146.17	47.84
82	74.53	103.91
82	69.47	119
82	88.73	80.87
83	140.28	161.97
83	73.31	154.45
84	69.41	215.86
84	117.37	76.51
84	52.65	63.46
84	77.13	96.66
84	92.96	84.23
84	39.51	98.32
84	60.08	133.57
84	67.58	125.93
84	51.82	184.36
84	50.56	118.71
84	54.37	69.11
85	118.07	67.35
86	188.79	454.31
86	64.37	121.18
86	45.19	128.75
86	35.21	74.38
86	76.27	97.63
86	44	73.44
86	40.51	120.94
86	32.49	127.44
86	46.86	159.16
86	52.73	267.12
86	30.79	99.33
86	120.54	114.07
86	51.27	73.47
86	66.38	73.17
86	95.71	225.85
86	63.88	135.23
86	133.13	215.14
86	70.05	138.79
86	38.21	70.73
86	64.59	70.63
86	83.34	101.54
86	58.1	104.09
86	86.66	44.97
86	83.59	67.67
86	89.05	75.39
86	101.21	63.93
86	68.68	102.19
86	36.27	74.21
86	73.51	176.25
86	69.84	153.92
86	78.62	139.53
86	58.23	127.13
86	60.29	196.07
86	74.59	168.99
86	122.44	175.83
86	77.77	159.26
86	83.06	153.17
86	81.32	158.11
86	66.19	131.01
87	80.4	68.34
87	80.62	24.83
87	67.44	128.36
87	158	76.93
87	59.19	20.95
87	61.88	39.36
87	144.36	82.56
87	97.14	161.64
87	54.86	63.42
87	95.89	56.66
87	54.2	88.87
87	58.79	67.73
87	45.5	71.24
87	52.08	49.95
87	85.01	52.93
87	95.42	47.38
87	52.37	65.37
87	78.75	120.27
88	53.26	212.87
88	88.29	292.02
88	65.47	265.4
88	46.63	186.6
88	67.35	366.85
88	73.99	275.72
88	34.17	240.9
88	63.46	417.78
88	32.15	196.85
88	74.24	351.94
88	52.32	276.53
88	77.13	194.62
88	51.49	216.51
88	40.5	253.38
88	34.34	300.78
88	55.08	378.13
88	24.05	192.74
88	40.77	127.31
88	72.48	174.07
88	89.29	121.79
88	74.4	270.01
88	31.56	155.96
88	66.18	256.43
88	38.26	197.7
88	44.1	351.98
88	28.7	213.1
88	56.94	202.29
88	43.45	153.2
88	36.77	211.23
88	46.17	199.28
88	53.45	353.08
88	54.34	131.8
88	44.33	131.61
88	50.42	151.18
88	43.06	181.65
88	48.86	158.67
88	114.97	286.46
88	59.74	321.68
88	61.47	66.08
88	93.12	133.29
88	62.74	92.3
88	92.35	128.86
88	62.55	116.83
88	44.48	51.92
88	54.67	130.72
88	139.97	54.77
89	38.57	161.09
89	147.77	309.48
89	48.32	31.83
89	64.22	240
89	55.72	217.35
89	110.45	280.58
89	37.04	164.98
89	26.42	206.94
89	62.97	274.43
89	51.4	294.38
89	65.07	170.42
89	84.38	219.58
89	58.06	190.77
89	21.32	56.54
89	42.87	151.91
89	48.44	126.53
89	27.81	113.39
89	32.5	135.99
89	62.78	319.65
89	35.75	197.87
89	64.36	472.73
89	50.34	178.32
89	47.6	164.23
89	48.85	150.16
89	61.13	191.65
90	18.61	102.74
90	19.88	120
90	44.43	268.64
90	30.65	92.66
90	51.4	114.17
90	32.03	87.2
90	47.91	121.71
90	35.65	135.42
90	24.89	86.09
90	40.43	99.71
90	81.19	87.87
90	18.98	77.65
90	17.72	172.84
90	20.33	128.23
90	31.91	96.11
90	101.39	152.76
90	44.98	77.9
90	37.66	102
90	25.99	105.09
90	25.96	112.9
90	86.05	128.3
90	60.5	79.38
90	37.26	96.48
90	34.87	41.9
91	83.58	109.19
91	110	144.04
91	86.82	92.03
91	65.63	131.95
91	64.03	173.06
91	158.36	127.73
91	278.88	142.64
91	93.98	86.03
91	97.26	221.72
91	78	455.18
91	72.54	233.11
91	54.7	211.92
91	81.7	158.9
91	82.2	103.24
91	75.86	131.73
91	67.17	137.31
91	76.21	143.76
91	49.61	191.01
91	154.88	189.61
91	159.7	559.32
91	59.93	105.55
91	67.56	82.27
91	188.3	61.54
91	66.24	153.45
91	102.46	77.68
91	72.32	96.9
91	43.04	37.06
91	148.76	117.87
91	125.69	194
91	112.54	183.71
91	58.17	47.36
91	73.29	72.34
92	41.11	63.96
93	36.04	205
93	45.75	221.49
93	74.38	387.79
93	211.21	325.22
93	88.84	426.53
93	86.99	194.37
93	59.8	154.17
94	58.02	192.58
94	85	443.57
94	96.61	230.44
94	64.03	244.98
94	38.36	145.06
94	39.13	150.42
94	22.18	108.15
94	69.43	112.68
94	46.31	97.95
94	67.27	166.52
94	48.26	173.66
94	49.32	390.18
94	58.4	242.73
94	23.75	143.07
94	41.57	121.98
94	33.33	168.71
94	47.7	103.34
94	18.25	84.78
94	43.5	482.17
94	71.12	294.74
94	87.75	244.63
94	52.16	180.34
94	22.67	125.27
94	23.95	199.88
94	61.47	170.56
95	61.99	184.51
95	73.1	182.98
95	103.2	232.55
95	58.61	144.88
95	116.64	364.06
95	110.87	167.22
95	218.3	245.92
95	72.82	271.34
95	63.95	150.3
95	56.52	227.43
95	66.86	279.22
95	54.88	535.77
95	54.74	273.83
95	45.68	190.72
95	47.26	102.27
95	42.18	130.17
95	37.85	78.42
95	37.34	116.42
95	41.65	137.49
95	36.94	303.87
95	63.71	171.8
95	50.13	112.72
95	17.55	53.89
95	49.9	128.96
95	86.01	141.3
95	92.98	73.35
95	93.81	105.53
95	84.56	90.45
95	49.64	104.38
95	60.02	125.76
95	22.23	94.02
95	114.54	171.35
95	56.92	127.79
95	57.52	163.19
95	35.14	97.32
95	36.32	84.02
95	51.65	106.66
95	32.13	85.44
95	33.65	82.18
95	43.58	107.65
95	35.01	100.9
95	89.68	109.06
95	64.5	145.65
95	78.63	94.65
95	72.37	102.69
95	80.66	108.32
95	63.58	121.8
95	36.1	73.48
95	70.23	82.79
95	79.99	128.23
95	70.56	123.16
95	64.96	37.83
95	88.34	50.57
95	50.79	60.84
95	72.57	67.36
95	60.44	47.28
95	47.11	24.22
95	43.76	30.29
95	48.73	77.72
95	79.32	65
95	63.12	76.38
95	54.47	87.1
95	75.22	119.5
95	41.62	91.9
95	47.16	97.39
95	57.97	120.17
95	73.46	114.78
95	60.77	51.37
95	95.94	116.78
95	134.49	85.72
95	307.07	61.13
96	117.65	54.39
96	50.93	42.99
96	38.63	48.99
96	72.64	149.78
96	48.89	121.86
96	76.5	187.43
96	104.76	221.12
96	86.85	237.87
96	87.24	236.05
96	75.08	99.33
96	69.83	97.65
96	53.31	58.13
96	79.85	70.48
96	60.62	111.41
96	62.66	80.15
96	62.43	210.99
96	80.01	168.03
97	117.37	90
97	118.45	110.55
97	148.06	50.83
97	94.13	71.28
97	236.55	46.34
97	58.6	131.02
97	85.45	148.34
97	96.78	162.68
97	68.29	150.48
97	77.41	130.01
97	85.72	129.79
97	137.26	117.67
97	105.44	84.32
97	113.26	113.89
97	75.37	104.81
97	107	127.4
97	99.74	31.57
98	51.34	53.67
98	102.62	54.27
98	17.43	11.87
98	57.68	32.08
98	66.81	23.72
99	50.99	76.69
99	40.33	65.89
100	49.44	137.39
100	93.46	213.58
100	52.88	171.23
100	199.42	204.01
100	81.45	215.51
100	57.97	116.63
100	57.38	310.05
100	117.05	158.01
100	80.38	240.06
100	73.49	201.41
100	102.56	163.06
100	85.49	110.82
100	133.4	94.78
101	58.81	120.01
101	77.7	113.75
101	56.86	137.72
101	65.92	91.62
101	69.71	137.3
101	46.09	40.24
101	94.86	71.32
101	65.91	75.47
101	60.71	46.85
101	91.63	104.99
101	105.87	117.45
101	52.89	55.47
101	109.41	34.7
101	123.25	323.64
101	224.2	114.66
101	57.59	76.47
101	61.28	176.27
101	81.71	93.61
101	60.71	168.74
101	47.29	87.65
101	48.77	97.52
101	53.86	103.25
101	91.97	218.74
101	31.36	76.35
101	158.56	138.86
101	114.05	136.34
102	119.32	123.75
102	92.98	140.03
102	56.12	54.1
102	47.13	113.35
102	84.71	161.94
102	104.12	155.56
102	97.46	276.28
102	60.92	132.77
102	87.63	209.06
102	73.65	131.73
102	156.73	92.63
102	64.45	128.38
102	80.79	135.04
102	48.05	77.42
102	84.63	225.85
103	99.57	415.19
103	63.67	273.55
103	103.84	157.74
103	46.24	152.82
103	39.97	158.66
103	191.38	174.05
103	64.01	92.75
103	85.43	314.32
103	51.17	404.52
103	117.35	593.29
103	74.61	301.18
103	72.05	490.75
103	43.23	235.03
103	87.6	465.53
103	78.52	428.9
103	61.04	450.4
103	38.58	242.46
103	52.99	497.01
103	47.36	672.56
103	111.98	457.74
103	53.65	273.59
103	53.86	366.09
103	96.17	359.12
103	92.2	531.69
103	110.05	407.76
103	48.11	180.09
104	72.34	107.99
104	31.03	52.32
104	54.6	149.09
104	65.77	250.61
104	61.69	90.35
104	51.23	113.68
104	57.05	66.26
104	40.31	186.49
104	53.06	343.94
104	142.33	652.77
104	102.51	129.78
104	69.75	221.31
104	100.26	93.68
104	55.85	141.93
104	113.99	156.97
104	103.13	195.42
104	63.71	163.49
104	63.71	64.52
104	94.01	77.37
104	89.9	128.04
104	40.92	191.06
104	138.14	295.67
104	84.4	354.74
104	170.51	312.44
104	64.61	81.79
104	128.34	169
104	88.76	144.85
104	181.15	206.07
104	98.27	181.05
105	180.73	418.86
105	68.57	456.93
105	60.29	373.64
105	99.3	467.51
105	92.22	318.31
105	42.84	362.9
106	26.06	101.27
106	32.61	140.16
106	41.79	66.17
106	47.29	63.37
106	31.76	79.09
106	47.18	104.93
106	35.04	106.18
106	40.4	72.86
106	41.4	117.22
106	42.65	108.51
106	49.39	102.5
106	55.09	84.25
106	202.61	331.75
106	28.68	46.62
106	36.42	57.34
106	22.5	64.76
106	34.13	61.84
106	50.77	247.74
106	55.68	96.54
106	22.94	80.39
106	29.9	124.32
106	33.81	50.77
106	58.75	79.5
106	99.67	212.06
106	72.15	144.04
106	56.81	214.94
106	75.48	134.13
106	39.22	56.63
106	84.09	63.01
106	36.52	37.56
106	54.63	55.78
106	76.18	43.69
106	103.66	41.5
106	66.3	52.27
106	143.34	172.98
106	68.04	97.87
106	69.89	86
106	43.17	86.04
106	56.97	94.77
106	70.52	97.03
106	91.88	203.22
106	102.33	57.45
106	39.08	43.37
106	112.83	58.77
106	73.68	153.05
106	56.52	71.57
107	95.9	238.17
107	77.13	172.06
107	71.11	152.32
107	74.17	235.88
107	95.02	90.75
107	108.33	158.16
107	121.93	228.08
108	60.1	173.77
108	30.67	176.7
108	25.61	229.22
108	54.05	313.94
108	40.9	205.65
108	29.47	152.82
108	38.12	74.43
108	116.18	157.7
108	43.43	129.4
108	28.65	118.91
108	67.86	154.09
108	45.97	127.83
108	83.12	456.65
108	41.09	182
108	49.81	191.62
108	50.99	217.04
108	54.64	397.55
108	35.37	178.83
108	42.63	138.81
108	75.64	156.71
108	53.42	150.1
108	40.7	73.54
108	46.41	267.07
108	54.64	114.23
108	39.96	98.44
108	30.36	127.53
108	25.61	109.22
108	38.91	165.26
108	47.5	158.1
108	42.17	152.84
108	21.91	79.22
108	50.73	148.85
108	47.01	76.82
108	31.52	139.03
108	48.79	99.64
108	51.9	61.43
108	68.62	70.04
108	74.49	122.85
108	55.68	62.81
108	35.8	43.75
108	38.36	94.88
109	49.13	147.54
109	52.57	199.03
109	67.83	227.18
109	41.73	230.67
109	46.31	124.8
109	78.48	141.76
109	39.14	144.95
109	68.42	121.6
109	87.52	195.97
109	49.72	121.02
109	66.68	110.81
109	86.12	149.21
109	34.43	57.12
109	41.69	103.92
109	61.21	96.89
109	75.25	125.52
109	59.43	60.04
109	56.71	58.91
109	77.76	80.35
109	66.79	119.9
109	60.26	80.73
109	51.98	92.54
109	58.42	164.75
109	79.14	172.55
109	77.31	124.72
109	87.89	132.35
109	80.22	158.33
109	61.59	122.31
110	61.16	184.54
110	67.61	69.16
110	67.25	74.93
111	60.14	120.17
111	42.27	167.48
111	70.35	89.05
111	58.99	152.2
111	62.05	230.23
111	65.01	216.6
111	68.31	300.52
111	64.48	143.19
111	49.39	158.86
111	49.31	176.13
111	46.78	152.9
111	44.85	102
111	48.3	206.9
111	32.44	120.42
111	40.8	225.3
111	50.43	245.44
111	82.06	285.63
111	75.49	179.32
111	37.41	121.77
111	32.78	99.34
111	49.54	74.71
111	54.73	92.06
111	61	174.91
111	68.14	169.56
112	24.87	84.8
112	35.92	65.95
112	100.75	328.38
113	65.92	229.05
114	108.51	235.02
115	86.42	154.28
116	29.51	56.11
116	37.41	36.52
116	51.07	96.87
116	65.34	204.02
116	65.17	137.46
116	58.48	102.89
116	42.16	182.85
116	53.35	130.22
116	75.8	228.23
116	85.03	89.35
116	112.89	172.82
116	75.99	140.94
116	62.46	94.75
116	85.75	171.47
118	91.09	131.32
118	25.5	65.72
118	47.18	21.22
118	77.9	29.01
118	42.83	34.24
118	63.72	41.16
118	122.47	91.01
118	99.98	67.24
118	55.29	38.42
118	130.36	101.57
118	28.71	36.35
118	39.27	39.39
118	36.32	36.83
118	68.95	39.86
118	162.9	67.74
118	92.85	48.47
118	65.71	157.26
118	51.75	78.46
118	61.06	44.45
118	105.11	97.45
118	65.1	49.13
118	63.36	96.37
118	64.09	72.24
119	58.2	126.1
120	49.07	68.86
120	33.1	141.53
120	70.49	192.63
120	141.06	134.78
120	104.24	210.98
120	77.04	107.62
120	51.47	72.38
120	43.98	250.51
120	82.86	81.55
120	79.23	172.58
120	78.16	137.84
120	46.64	107.76
120	78.96	134.37
120	43.89	112.74
120	49.29	190.68
120	39.48	52.81
120	19.62	83.24
120	25.28	39.54
120	42.76	78.3
120	32.46	67.67
120	33.08	80.8
120	35.88	109.88
120	35.8	165.61
120	21.83	63.71
120	46.32	54.79
120	26.25	76.98
120	26.68	77.04
120	36.69	87.74
120	47.77	140.42
120	63.21	114.47
120	52.67	112.37
120	42.83	74.14
120	23.39	60.8
120	45.8	72.73
120	102.8	66.55
120	38.26	64.09
120	54.09	57.62
120	57.38	46.76
120	30.46	93.01
120	43.27	109.8
120	58.81	93.59
120	42.07	61.53
121	58.35	99.72
121	60.43	119.72
121	74.26	121.56
121	40.27	76.06
121	51.16	109.06
121	71.59	114.44
121	40.31	87.79
121	57.54	141.49
121	74.64	155.45
121	69.26	137.14
121	75.68	146.11
121	243.18	43.44
122	68.36	150.67
122	58.49	128.87
122	43.57	140.68
122	138.5	151.95
122	64.53	152.78
122	63.39	227.25
122	130.53	429.07
122	65.35	244.72
122	76.28	353.56
123	30.61	121.94
123	54.06	221.54
123	99.7	107.6
123	61.75	55.01
123	33.87	117.25
123	50.91	105.89
123	69.39	75.14
123	50.14	120.16
123	58.92	83.28
123	63.9	146.34
123	158.67	104.89
123	115.98	131.56
123	72.76	127.24
123	49.25	197.14
123	67.95	131.25
123	88.66	135.94
123	101.03	61.97
123	108.91	184.41
123	63.12	51.64
123	111.96	34.45
123	50.03	92.54
123	72.25	53.72
123	79.44	123.63
123	51.73	106.31
123	52.05	71.94
123	52.92	73.77
123	41.42	145.73
123	53.15	108.13
123	69.11	87.14
123	63.98	150.44
123	41.6	91.49
123	43.67	145.89
123	47.76	112.92
123	60.47	152.03
123	44.03	94.75
123	51.28	87.91
123	74.55	121.72
123	74.82	53.01
123	84.05	213.16
124	55.14	85.84
125	66.43	190.18
125	240.57	381.43
125	52.24	96.21
125	93.88	229.28
125	81.06	217.38
125	92.1	139.73
125	50.67	229.1
125	63.46	228.63
125	70.19	169.78
125	120.87	222.46
125	104.38	87.4
125	170.19	122.46
125	166.19	408.31
125	88.31	105.84
125	41.84	168.23
125	108.12	161.12
125	65.23	200.51
125	53.48	101.73
125	99.9	93.39
125	173.73	167.74
125	47.45	99.96
125	86.15	180.54
125	97.35	532.76
125	59.43	463.64
125	62.36	149.62
125	119.02	79.44
125	37.48	65.04
125	31.36	109.33
125	58.98	139.07
125	63.07	281.73
125	30.21	84.11
125	59.7	113.78
125	53.98	163.46
125	35.4	77.54
125	70.24	159.09
125	16.58	83.25
125	120.55	105.12
125	100.86	107.66
125	499.73	124.61
126	52.24	82.13
126	45.47	108.34
126	77.7	146.18
126	59.65	164.57
126	67.18	138.07
126	75.88	174.43
126	55.91	203.46
126	59.41	144.97
126	61.39	169.27
126	51.15	117.66
126	63.08	103.41
126	97.48	97.02
126	87.65	109.25
126	53.95	110.18
126	74.24	190.66
127	58.91	22.74
127	231.11	71.41
127	33.1	80.03
127	89.22	93.91
127	78.15	105.77
127	120.81	211.52
127	106.14	83.2
127	135.01	157
127	72.21	131.3
127	86.99	273.72
127	55.66	153.28
127	108.08	152.61
127	114.09	151.07
